serialId,polishTitle,originalTitle,year,fullRating,voteCount,voteDate,userRating,favorite,comment
10034323,Rycerz siedmiu królestw,A Knight of the Seven Kingdoms,2026,7.88701,30942,2026-03-30,8,nie,
779456,Sukcesja,Succession,2018,8.23261,63790,2025-12-04,9,nie,
717910,Billions,Billions,2016,7.8658,9784,2025-12-01,7,nie,
10050978,The Pitt,The Pitt,2025,8.28023,28302,2025-11-23,8,nie,
10034646,Kono Subarashii Sekai ni Bakuen o!,Kono Subarashii Sekai ni Bakuen o!,2023,6.54128,109,2025-11-17,,nie,
10017027,Sonny Boy,Sonny Boy,2021,7.55963,109,2025-11-12,8,tak,
849739,Planeta doskonała,Perfect Planet,2021,8.29319,382,2025-11-09,8,nie,
849729,Mroźna planeta II,Frozen Planet II,2022,7.88591,149,2025-10-26,8,nie,
640524,Lodowa planeta,Frozen Planet,2011,7.54465,795,2025-10-24,8,nie,
10078583,Lazarus,Lazaro,2025,6.46837,743,2025-10-23,6,nie,
10068127,Dexter: Zmartwychwstanie,Dexter: Resurrection,2025,8.20212,12527,2025-09-19,8,nie,
484439,The Inbetweeners,The Inbetweeners,2008,7.20708,2685,2025-09-17,7,nie,
10074202,Dojrzewanie,Adolescence,2025,7.69439,94019,2025-09-11,8,nie,
862659,Władcy przestworzy,Masters of the Air,2024,7.39043,8004,2025-08-24,7,nie,
10066117,Studio,The Studio,2025,7.96803,13292,2025-08-15,8,nie,
10029337,Scavengers Reign,Scavengers Reign,2023,8.38251,1532,2025-07-31,9,nie,
10053210,Pamiętniki Mordbota,Murderbot,2025,6.60312,3525,2025-06-06,7,nie,
10038044,Frieren. U kresu drogi,Sōsō no Frieren,2023,8.55661,2747,2025-03-16,8,nie,
710945,Selfie,Selfie,2014,6.54864,2169,2025-03-08,7,nie,
427201,Generation Kill: Czas wojny,Generation Kill,2008,7.91332,12575,2025-01-07,8,nie,
10010262,Pingwin,The Penguin,2024,8.03547,49225,2024-09-28,6,nie,
114184,Samuraj Jack,Samurai Jack,2001,7.73472,15101,2024-09-05,9,nie,
10004652,Stamtąd,From,2022,7.49493,56141,2024-07-19,8,nie,
878089,Miasto jest nasze,We Own This City,2022,6.91149,4248,2024-07-09,8,nie,
10049575,Kono Subarashii Sekai ni Shukufuku o! 3,Kono Subarashii Sekai ni Shukufuku o! 3,2024,7.17978,89,2024-07-01,8,nie,
484288,Totalna porażka,Total Drama,2007,7.60598,12078,2024-05-13,8,nie,
153161,Pohamuj entuzjazm,Curb Your Enthusiasm,2000,7.93177,3532,2024-05-06,8,nie,
10050192,Reniferek,Baby Reindeer,2024,7.11705,67576,2024-05-01,8,nie,
867454,Fallout,Fallout,2024,7.70691,71169,2024-04-22,9,nie,
10011724,Spy x Family,Spy x Family,2022,7.83447,1903,2024-04-01,7,nie,
829257,Hazbin Hotel,Hazbin Hotel,2019,7.69829,1634,2024-03-10,8,nie,
10042461,Hazbin Hotel,Hazbin Hotel,2024,7.62938,5793,2024-03-10,8,nie,
10025008,Szōgun,Shōgun,2024,7.75041,44089,2024-03-09,8,nie,
10033878,Świat mnie nie pokona,Questo mondo non mi renderà cattivo,2023,7.37643,1222,2024-02-10,7,nie,
10030916,Nocny agent,The Night Agent,2023,6.94311,15926,2024-01-24,6,nie,
10033460,Scott Pilgrim zaskakuje,Scott Pilgrim Takes Off,2023,7.45189,2089,2023-12-03,8,nie,
10014243,The Bear,The Bear,2022,7.67549,49739,2023-09-30,8,nie,
634404,Mirai Nikki,Mirai Nikki,2011,7.64276,6371,2023-06-29,6,nie,
426887,Shinreigari: Ghost Hound,Shinreigari: Ghost Hound,2007,7.2165,291,2023-06-22,8,nie,
98661,Kenpū Denki Berserk,Kenpū Denki Berserk,1997,8.26646,8568,2023-03-06,8,nie,
607039,Bez tajemnic,Bez tajemnic,2011,7.69271,12327,2023-02-25,9,nie,
870925,Joe Pera opowiada,Joe Pera Talks with You,2018,8.37558,434,2023-02-18,8,nie,
834936,Nierealne,The Nevers,2021,6.56014,2278,2023-02-14,8,nie,
698544,Kyōsōgiga,Kyōsōgiga,2013,7,70,2023-02-13,5,nie,
849662,The Last of Us,The Last of Us,2023,7.61763,112377,2023-02-12,8,nie,
10013452,Chensō Man,Chensō Man,2022,7.88644,4315,2022-12-15,7,nie,
877761,Wednesday,Wednesday,2022,7.36017,127767,2022-12-04,6,nie,
801312,Devilman Crybaby,Devilman Crybaby,2018,7.37218,5449,2022-11-15,7,nie,
10014569,Entergalactic,Entergalactic,2022,7.1665,1964,2022-10-15,8,nie,
856325,Cyberpunk: Edgerunners,Cyberpunk: Edgerunners,2022,8.00731,26282,2022-09-18,7,tak,
801294,Sora Yorimo Tōi Basho,Sora Yorimo Tōi Basho,2017,7.6383,188,2022-08-09,7,nie,
846151,Eizōken ni wa Te o Dasu na!,Eizōken ni wa Te o Dasu na!,2020,7.49296,142,2022-07-28,9,nie,
10008098,Odd Taxi,Odd Taxi,2021,7.79752,242,2022-07-23,7,nie,
426889,Mononoke,Mononoke,2007,8.09609,2633,2022-07-21,8,tak,
304524,NHK ni Yōkoso!,NHK ni Yōkoso!,2006,8.05709,2032,2022-07-19,6,nie,
531034,Darker Than Black: Ryūsei no Gemini,Darker Than Black: Ryūsei no Gemini,2009,7.34078,2418,2022-07-14,5,nie,
565604,Darker than Black - Kuro no Keiyakusha: Gaiden,Darker than Black - Kuro no Keiyakusha: Gaiden,2010,7.54402,1079,2022-07-11,5,nie,
878161,Rozdzielenie,Severance,2022,8.20564,61516,2022-06-09,8,nie,
118719,NieA under 7,NieA under 7,2000,6.83636,55,2022-05-17,6,nie,
10007988,Ōsama Ranking,Ōsama Ranking,2021,7.52083,240,2022-04-07,5,nie,
396030,Brama piekieł,Darker Than Black - Kuro no Keiyakusha,2007,7.92435,5909,2022-04-03,6,nie,
867712,Zielona planeta,Green Planet,2022,8.60068,293,2022-03-02,10,nie,
129544,Haibane Renmei: Stowarzyszenie Szaropiórych,Haibane Renmei,2002,7.99014,2130,2022-02-23,8,tak,
470038,Kaiba,Kaiba,2008,7.14241,316,2022-02-17,10,nie,
10002179,Legenda Vox Machiny,The Legend of Vox Machina,2022,8.02372,8432,2022-02-14,7,nie,
870863,David Attenborough: Życie w kolorze,Attenborough's Life in Colour,2021,7.85461,1919,2022-01-24,9,nie,
871671,Kono Subarashii Sekai ni Shukufuku o! 2,Kono Subarashii Sekai ni Shukufuku o! 2,2017,7.26383,235,2022-01-17,7,nie,
820846,FLCL Progressive,FLCL Progressive,2018,5.57407,54,2022-01-16,5,nie,
747022,Kono Subarashii Sekai ni Shukufuku o!,Kono Subarashii Sekai ni Shukufuku o!,2016,7.35139,1588,2022-01-15,6,nie,
665315,Kyousougiga,Kyousougiga,2012,7.34211,38,2022-01-14,8,nie,
815544,FLCL Alternative,FLCL Alternative,2018,5.36667,30,2022-01-12,3,nie,
604847,Początki życia według Davida Attenborough,First Life,2010,8.02963,270,2022-01-11,7,nie,
10003196,Oderwij wzdłuż linii,Strappare lungo i bordi,2021,8.29971,6850,2022-01-09,7,nie,
794586,Kino no Tabi: The Beautiful World,Kino no Tabi: The Beautiful World,2017,6.89873,79,2022-01-09,8,tak,
32585,Sceny z życia małżeńskiego,Scener ur ett äktenskap,1973,7.80235,4422,2021-12-29,9,nie,
106022,Furi Kuri,Furi Kuri,2000,7.72098,2283,2021-12-26,7,nie,
838627,Cowboy Bebop,Cowboy Bebop,2021,6.10833,3720,2021-12-23,4,nie,
10002984,Voir: Potęga kina,Voir,2021,6.30682,264,2021-12-19,8,nie,
841842,Squid Game,Ojingeo geim,2021,7.25012,165928,2021-12-13,8,nie,
873628,Arcane,Arcane,2021,8.54351,56319,2021-12-11,8,nie,
862677,Niezwyciężony,Invincible,2021,8.29178,20598,2021-11-14,8,nie,
866842,Gwiezdne wojny: Wizje,Star Wars: Visions,2021,6.20385,2232,2021-10-13,6,nie,
843529,Sztuciek się pyta,Forky Asks a Question,2019,5.94268,471,2021-10-06,8,nie,
865294,Za kulisami PIXARA,Inside Pixar,2020,6.39535,86,2021-10-04,7,nie,
868821,Pixar Popcorn,Pixar Popcorn,2021,6.14243,337,2021-10-04,6,nie,
10000680,Szalone przygody Asa,Dug Days,2021,7.39043,794,2021-10-04,8,nie,
868051,Krótko mówiąc,Short Circuit,2020,6.68182,132,2021-10-03,9,nie,
842140,Eden,Eden,2021,6.28137,263,2021-09-06,5,nie,
836442,A gdyby...?,What If...?,2021,6.89801,13923,2021-09-03,7,nie,
750168,Quantum Break,Quantum Break,2016,7.13793,174,2021-06-20,4,nie,
809681,Watchmen,Watchmen,2019,7.28023,16936,2021-06-07,9,nie,
871412,Wonder Egg Priority,Wonder Egg Priority,2021,6.83841,427,2021-05-08,8,nie,
198755,Tachikomy dzień powszedni,Ghost in the Shell: Stand Alone Complex - Tachikoma na Hibi,2002,7.44965,427,2021-05-02,5,nie,
769619,Fleabag,Fleabag,2016,8.33869,50471,2021-04-26,9,nie,
443873,Ani*Kuri15,Ani*Kuri15,2007,6.48667,150,2021-04-21,8,nie,
146248,Great Teacher Onizuka,GTO: Great Teacher Onizuka,1999,8.11409,9238,2021-04-02,6,nie,
99320,Macross Plus,Macross Plus,1994,7.76408,284,2021-03-21,8,nie,
150481,Biuro,The Office,2001,7.69605,7952,2021-03-16,6,nie,
735081,Kōkaku Kidōtai Arise: Alternative Architecture,Kōkaku Kidōtai Arise: Alternative Architecture,2015,6.76699,103,2021-03-10,5,nie,
162349,Paranoia Agent,Mōsō Dairinin,2004,7.6312,1936,2021-02-24,9,tak,
363435,Gintama,Gintama,2006,8.09833,2573,2021-02-22,8,nie,
801842,The Boys,The Boys,2019,8.09418,86406,2021-02-18,7,nie,
767468,Atlanta,Atlanta,2016,8.13594,10762,2021-02-01,9,nie,
800921,Hilda,Hilda,2018,8.264,3428,2021-01-24,9,nie,
792812,Violet Evergarden,Violet Evergarden,2018,8.14637,6217,2021-01-22,6,nie,
850265,The Midnight Gospel,The Midnight Gospel,2020,7.91029,8561,2021-01-20,8,nie,
324560,Higurashi no Naku Koroni,Higurashi no Naku Koroni,2006,7.82101,6503,2021-01-19,6,nie,
761839,W poszukiwaniu Boga z Morganem Freemanem,The Story of God with Morgan Freeman,2016,7.53633,1555,2021-01-18,6,nie,
862862,The Liberator,The Liberator,2020,7.47756,1671,2021-01-18,7,nie,
783136,Chef's Table: Francja,Chef's Table: France,2016,7.65702,484,2021-01-13,7,nie,
845698,Ziemia nocą,Night on Earth,2020,8.13884,3659,2021-01-12,7,nie,
850416,Uliczne jedzenie: Ameryka Łacińska,Street Food: Latin America,2020,7.15761,368,2021-01-11,7,nie,
859876,Chef's Table: BBQ,Chef's Table: BBQ,2020,7.22886,201,2021-01-09,8,nie,
814761,Nasza planeta,Our Planet,2019,8.99787,36698,2021-01-05,7,nie,
829072,Uliczne jedzenie: Azja,Street Food: Asia,2019,7.44186,1247,2021-01-05,9,nie,
370554,Zagubiony pokój,The Lost Room,2006,7.73976,10794,2020-12-30,5,nie,
726905,Nocny recepcjonista,The Night Manager,2016,7.4764,36106,2020-12-08,7,nie,
629106,Another,Another,2012,7.60148,8386,2020-10-28,4,nie,
748829,Re: Zero – Życie w innym świecie od zera,Re: Zero Kara Hajimeru Isekai Seikatsu,2016,7.75868,2362,2020-10-11,7,nie,
127898,Wolf's Rain,Wolf's Rain,2003,7.8951,3861,2020-10-04,7,nie,
110775,Full Metal Panic,Full Metal Panic!,2002,7.46783,1663,2020-10-01,6,nie,
229770,Afrosamuraj,Afro Samurai,2007,7.55631,4591,2020-09-21,5,nie,
828663,Yakusoku no Neverland,Yakusoku no Neverland,2019,7.71412,2613,2020-09-11,8,nie,
691961,Opowieści z Chłodnicy Górskiej,Tales from Radiator Springs,2013,6.20179,223,2020-09-04,6,nie,
498377,Złomka bujdy na resorach,Mater's Tall Tales,2008,7.14406,4873,2020-09-01,7,nie,
491355,W domu zombie,Dead Set,2008,6.99466,3745,2020-08-31,9,nie,
380233,Tengen Toppa Gurren-Lagann,Tengen Toppa Gurren-Lagann,2007,8.08553,2502,2020-08-22,8,nie,
349326,Notatnik śmierci,Death Note,2006,8.31032,87937,2020-08-22,7,nie,
248532,Hellsing,Hellsing,2006,8.02622,17393,2020-08-11,9,nie,
843535,Magiczna Australia,Magical Land of Oz,2019,7,6,2020-08-10,8,nie,
226952,Elfen Lied,Elfen Lied,2004,7.63467,13169,2020-08-08,6,tak,
831612,Miecz zabójcy demonów - Kimetsu no Yaiba,Kimetsu no Yaiba,2019,8.17693,9891,2020-07-29,6,nie,
767241,Mob Psycho 100,Mob Psycho 100,2016,8.02539,2363,2020-07-26,6,nie,
678476,Kōkaku Kidōtai Arise,Kōkaku Kidōtai Arise,2013,6.91724,580,2020-07-20,6,nie,
555640,Yojō-Han Shinwa Taikei,Yojō-Han Shinwa Taikei,2010,7.89021,674,2020-07-17,8,nie,
122540,Ghost in the Shell: Stand Alone Complex 2nd Gig,Kōkaku Kidōtai S.A.C. 2nd GIG,2004,8.18141,3776,2020-07-14,6,nie,
93085,Ghost in the Shell: Stand Alone Complex,Kōkaku Kidōtai: Stand Alone Complex,2002,8.10477,6710,2020-07-02,8,tak,
692417,Kill la Kill,Kill la Kill,2013,7.60432,2406,2020-06-21,7,nie,
98877,Wirtualna Lain,Serial Experiments Lain,1998,8.01665,5647,2020-06-19,8,tak,
95798,Tsutsu Yume: Gunnm,Tsutsu Yume: Gunnm,1993,7.05982,1120,2020-06-04,8,nie,
848281,James May: Nasz człowiek w...,James May: Our Man In...,2020,7.58565,1477,2020-05-31,8,nie,
590629,Legenda Korry,The Legend of Korra,2012,7.64596,13425,2020-05-26,8,nie,
194037,Awatar: Legenda Aanga,Avatar: The Last Airbender,2005,8.40803,37723,2020-05-21,8,nie,
839229,Kierunek: Noc,Into the Night,2020,6.51003,20638,2020-05-02,8,nie,
108606,Firefly,Firefly,2002,8.06165,16270,2020-04-18,8,nie,
836641,Poplątana,Undone,2019,7.77844,4545,2020-04-13,8,nie,
98878,Trigun,Trigun,1998,7.98537,3485,2019-12-29,8,nie,
724464,Wiedźmin,The Witcher,2019,6.87798,208071,2019-12-27,6,nie,
724735,Człowiek z Wysokiego Zamku,The Man in the High Castle,2015,7.50131,17602,2019-11-25,8,nie,
800444,Carmen Sandiego,Carmen Sandiego,2019,7.436,1578,2019-10-19,8,nie,
838533,W głowie Billa Gatesa,Inside Bill's Brain: Decoding Bill Gates,2019,7.23061,4770,2019-09-24,7,nie,
833448,Carole & Tuesday,Carole & Tuesday,2019,7.40044,457,2019-09-14,8,nie,
832968,Nagi reżyser,Zenra Kantoku,2019,7.14241,1278,2019-08-25,9,tak,
799827,Czarnobyl,Chernobyl,2019,8.82346,265823,2019-05-28,8,nie,
800863,Błękitna planeta II,Blue Planet II,2017,8.16693,1246,2019-05-01,,nie,
767036,Barry,Barry,2018,7.48119,13689,2019-04-29,8,nie,
176358,Błękitna planeta,The Blue Planet,2001,7.97737,1591,2019-04-17,,nie,
824633,"Miłość, śmierć i roboty","Love, Death & Robots",2019,7.94496,54182,2019-03-15,10,tak,
802350,Czarne lusterko,Czarne lusterko,2018,7.11036,1631,2018-12-29,8,nie,
636227,Shingeki no Kyojin,Shingeki no Kyojin,2013,8.4918,41655,2018-12-18,8,nie,
467384,Code Geass: Lelouch of the Rebellion R2,Code Geass: Hangyaku no Lelouch R2,2008,8.16171,12343,2018-12-10,8,nie,
351408,Code Geass: Lelouch of the Rebellion,Code Geass: Hangyaku no Lelouch,2006,8.10626,12545,2018-12-08,7,nie,
786525,Ślepnąc od świateł,Ślepnąc od świateł,2018,7.77125,145041,2018-12-02,8,nie,
644564,Sakamichi no Apollon,Sakamichi no Apollon,2012,8.08367,1470,2018-11-27,6,nie,
711692,Zagadkowi terroryści,Zankyō no Terror,2014,7.83155,3360,2018-11-27,7,nie,
786999,Made in Abyss,Made in Abyss,2017,8.18271,2337,2018-10-07,9,nie,
740929,One-Punch Man,One-Punch Man,2015,8.19862,23860,2018-09-18,9,nie,
792826,Dom z papieru,La casa de papel,2017,8.02216,255541,2018-09-11,7,nie,
597724,Steins;Gate,Steins;Gate,2011,8.28226,9254,2018-09-10,7,nie,
708089,Shigatsu wa Kimi no Uso,Shigatsu wa Kimi no Uso,2014,8.28741,4391,2018-09-06,7,nie,
736614,Pakt,Pakt,2015,7.56589,47718,2018-08-27,7,nie,
785613,Abstrakt: Sztuka designu,Abstract: The Art of Design,2017,8.02352,5825,2018-08-21,8,nie,
801719,Rozczarowani,Disenchantment,2018,7.21178,29804,2018-08-19,8,nie,
696381,Kosmos,Cosmos: A SpaceTime Odyssey,2014,8.59231,12902,2018-08-16,9,nie,
653085,Psycho-pass,Psycho-pass,2012,7.99438,5694,2018-06-22,8,nie,
747281,Miasto beze mnie,Boku dake ga Inai Machi,2016,8.27952,11280,2018-06-20,6,nie,
167103,Samurai champloo,Samurai chanpurû,2004,8.05993,8544,2018-06-11,8,nie,
775665,The Defiant Ones,The Defiant Ones,2017,8.09511,2292,2018-05-05,9,nie,
777975,Planeta Ziemia II,Planet Earth II,2016,8.83763,5894,2018-05-02,9,tak,
329991,Planeta Ziemia,Planet Earth,2006,8.50451,16313,2018-04-26,9,nie,
767516,The Punisher,The Punisher,2017,7.97813,65252,2018-04-17,6,nie,
744119,Chef's Table,Chef's Table,2015,8.14255,6138,2018-03-18,,nie,
615608,Gomorra,Gomorra,2014,8.42313,32971,2018-02-16,8,nie,
721026,The Expanse,The Expanse,2015,7.98645,26636,2018-02-09,9,nie,
576962,Dochodzenie,The Killing,2011,8.02163,38556,2018-02-07,7,nie,
769613,Altered Carbon,Altered Carbon,2018,7.35289,52724,2018-02-05,5,nie,
764111,Mindhunter,Mindhunter,2017,7.99229,115918,2018-02-04,8,nie,
771383,Dark,Dark,2017,8.18117,177768,2018-01-25,8,nie,
378865,Kumple,Skins,2007,7.79311,89840,2018-01-12,8,nie,
789148,The End of the F***ing World,The End of the F***ing World,2017,7.40905,133330,2018-01-10,6,nie,
641457,Wojna wietnamska: film Kena Burnsa i Lynn Novick,The Vietnam War,2017,8.65178,2082,2017-10-24,9,nie,
750328,Kaznodzieja,Preacher,2016,7.25808,12229,2017-10-24,8,nie,
725199,Twin Peaks,Twin Peaks,2017,7.97856,29666,2017-05-22,,nie,
769408,Legion,Legion,2017,7.74268,24946,2017-04-06,6,nie,
282083,PitBull,PitBull,2005,8.20659,80541,2017-03-04,8,nie,
750359,Stranger Things,Stranger Things,2016,8.19929,340567,2017-03-04,8,nie,
98666,Cowboy Bebop,Cowboy Bebop,1998,8.30379,22670,2017-03-01,8,nie,
718443,BoJack Horseman,BoJack Horseman,2014,8.56067,71980,2017-01-16,8,nie,
680486,Narcos,Narcos,2015,8.38592,189250,2017-01-16,8,nie,
232988,Westworld,Westworld,2016,7.84415,111286,2016-10-20,10,tak,
680981,Peaky Blinders,Peaky Blinders,2013,8.53546,146057,2016-10-20,8,nie,
495827,Stalowy alchemik: Misja braci,Hagane no Renkinjutsushi,2009,8.4012,31563,2016-08-23,8,tak,
100434,Neon Genesis Evangelion,Shin Seiki Evangerion,1995,8.09385,18509,2016-04-19,8,tak,
662945,Broadchurch,Broadchurch,2013,7.8935,47935,2016-04-15,8,nie,
709827,Jessica Jones,Jessica Jones,2015,7.30994,47035,2016-03-26,6,nie,
752805,Making a Murderer,Making a Murderer,2015,7.9547,14679,2016-02-07,9,nie,
595770,Downton Abbey,Downton Abbey,2010,8.17122,39803,2016-01-27,8,nie,
564250,Okropni Amerykanie,Ugly Americans,2010,7.55781,493,2016-01-18,,nie,
123893,Kryminalni,Kryminalni,2004,6.78486,41090,2016-01-17,7,nie,
659055,Wikingowie,Vikings,2013,8.35245,182780,2015-09-26,8,nie,
733795,Mr. Robot,Mr. Robot,2015,8.03897,108764,2015-08-28,9,nie,
114052,Świat gliniarzy,The Shield,2002,8.1474,6757,2015-07-23,8,nie,
671074,Rick i Morty,Rick and Morty,2013,8.57153,120174,2015-06-07,9,tak,
663388,Utopia,Utopia,2013,8.2113,29981,2015-05-03,8,tak,
640699,Czarne lustro,Black Mirror,2011,8.27847,185800,2015-04-26,10,nie,
702252,Daredevil,Daredevil,2015,7.88712,76081,2015-04-18,7,nie,
697645,Zadzwoń do Saula,Better Call Saul,2015,8.39189,94567,2015-03-15,8,nie,
89546,Sześć stóp pod ziemią,Six Feet Under,2001,7.9333,40061,2014-11-26,8,tak,
662876,Brickleberry,Brickleberry,2012,8.01517,17074,2014-10-29,8,nie,
688850,Fargo,Fargo,2014,8.22243,77880,2014-08-13,9,nie,
655968,The Following,The Following,2013,7.06227,17231,2014-08-13,,nie,
427194,Zakazane imperium,Boardwalk Empire,2010,8.0749,49936,2014-07-30,7,nie,
564766,Black Lagoon: Roberta's Blood Trail,Black Lagoon: Roberta's Blood Trail,2010,7.28511,1175,2014-07-19,6,nie,
37003,Miasteczko Twin Peaks,Twin Peaks,1990,8.47631,121837,2014-07-15,8,tak,
221833,Jak poznałem waszą matkę,How I Met Your Mother,2005,7.98272,215297,2014-07-01,,nie,
654010,Detektyw,True Detective,2014,8.40934,166535,2014-05-14,8,nie,
650378,Hannibal,Hannibal,2013,7.89637,88354,2014-05-10,7,nie,
528992,Sherlock,Sherlock,2010,8.48573,249517,2014-04-04,9,nie,
35405,Rodzina Soprano,The Sopranos,1999,8.51546,80064,2013-12-03,9,tak,
87721,Prawo ulicy,The Wire,2002,8.48265,41960,2013-11-24,9,nie,
692964,Blok Ekipa,Blok Ekipa,2013,7.3285,17035,2013-10-31,,nie,
625585,"Nasze matki, nasi ojcowie","Unsere Mütter, Unsere Väter",2013,5.85169,7572,2013-10-24,,nie,
666215,Orange Is the New Black,Orange Is the New Black,2013,7.70426,105857,2013-10-24,,nie,
133834,Lost: Zagubieni,Lost,2004,7.56909,183043,2013-10-05,8,nie,
559517,Louie,Louie,2010,8.06513,4130,2013-10-03,,nie,
119673,Pacyfik,The Pacific,2010,8.00396,51574,2013-08-02,8,nie,
631836,Wojciech Cejrowski. Boso,Wojciech Cejrowski. Boso,2011,7.58966,6748,2013-07-19,,nie,
385781,Black Lagoon: The Second Barrage,Black Lagoon: The Second Barrage,2006,7.94209,2953,2013-07-07,8,tak,
35584,Kompania braci,Band of Brothers,2001,8.72928,144856,2013-05-27,9,nie,
620036,House of Cards,House of Cards,2013,8.26197,187059,2013-03-10,9,nie,
371185,Californication,Californication,2007,7.68674,152651,2013-01-27,8,nie,
629466,Komisarz Alex,Komisarz Alex,2011,5.77707,14031,2012-10-24,,nie,
595358,Homeland,Homeland,2011,7.93398,69145,2012-10-07,7,nie,
436999,Mad Men,Mad Men,2007,8.11543,37919,2012-09-07,9,nie,
87947,Świat według Kiepskich,Świat według Kiepskich,1999,6.6025,113726,2012-08-22,8,nie,
430668,Breaking Bad,Breaking Bad,2008,8.79481,346651,2012-08-12,9,tak,
331618,Dexter,Dexter,2006,8.19633,211500,2012-08-05,8,nie,
94457,Głowa rodziny,Family Guy,1999,7.95938,69761,2012-08-05,,nie,
87960,Simpsonowie,The Simpsons,1989,7.98791,79895,2012-08-05,,nie,
304751,Black Lagoon,Black Lagoon,2006,7.81176,4744,2012-08-03,8,tak,
95293,Jaś Fasola,Mr. Bean,1990,7.52724,73100,2012-08-01,8,nie,
476848,Gra o tron,Game of Thrones,2011,8.72618,424327,2012-07-31,9,nie,
469752,Kapitan Bomba,Kapitan Bomba,2007,7.36407,24347,2012-07-15,8,nie,
551288,Boso przez świat,Boso przez świat,2007,7.6494,34318,2012-06-18,,nie,
479538,Synowie Anarchii,Sons of Anarchy,2008,8.13237,61621,2012-03-27,8,nie,
547035,The Walking Dead,The Walking Dead,2010,7.7779,181182,2012-03-26,7,nie,
236096,Prison Break - Skazany na śmierć,Prison Break,2005,7.63452,227167,2012-02-10,8,tak,
617624,Trudne sprawy,Trudne sprawy,2011,2.62829,17589,2011-11-26,1,nie,
176611,Było sobie życie,Il Était une fois... la vie,1987,7.82051,34024,2011-07-19,,nie,
592322,Looney Tunes Show,The Looney Tunes Show,2011,7.78452,3643,2011-07-18,,nie,
550100,Szkoła przetrwania,Man vs. Wild,2006,7.61143,20197,2011-06-17,,nie,
10037,Pogromcy mitów,MythBusters,2003,7.71656,26866,2011-06-17,,nie,
367031,Włatcy móch,Włatcy móch,2006,5.88759,56997,2010-06-17,,nie,
202466,Niania,Niania,2005,6.5533,72154,2008-07-19,,nie,
94331,Miasteczko South Park,South Park,1997,7.90355,81142,2007-05-15,,nie,
119267,Jackass,Jackass,2000,7.18106,8649,2006-11-26,,nie,
279435,Detektywi,Detektywi,2005,4.35185,9072,2006-11-18,,nie,
304133,Sędzia Anna Maria Wesołowska,Sędzia Anna Maria Wesołowska,2006,3.33074,17485,2006-10-17,,nie,
99251,Komisarz Rex,Kommissar Rex,1994,6.44387,7973,2006-08-20,,nie,
108964,CSI: Kryminalne zagadki Miami,CSI: Miami,2002,7.15189,61947,2006-08-20,,nie,
208863,W11 - wydział śledczy,W11 - wydział śledczy,2004,4.69766,18641,2006-08-20,,nie,
344833,Galactik Football,Galactik Football,2006,7.19973,5973,2006-07-19,,nie,
90364,Tajemnice Smallville,Smallville,2001,7.11636,36826,2006-07-19,,nie,
416280,Jak to jest zrobione?,How It's Made,2001,7.55867,2608,2006-05-18,,nie,
243283,Green Green,Green Green,2003,6.46849,1571,2006-03-27,,nie,
95231,Detektyw Monk,Monk,2002,7.43552,80983,2005-12-25,,nie,
233754,Tabaluga,Tabaluga,1997,6.60341,10144,2005-11-19,,nie,
37531,Przystanek Alaska,Northern Exposure,1990,7.72768,30549,2005-08-20,,nie,
96162,Benny Hill,The Benny Hill Show,1969,6.46921,21713,2005-07-19,,nie,
92457,Świat według Bundych,Married... with Children,1987,6.63155,169112,2005-07-19,,nie,
38407,13 Posterunek 2,13 Posterunek 2,2000,7.08325,53619,2005-07-19,,nie,
106279,Naruto,Naruto,2002,7.92934,33330,2005-07-19,,nie,
104479,Miodowe lata,Miodowe lata,1998,7.07872,91894,2005-07-19,,nie,
30614,MacGyver,MacGyver,1985,7.25955,39391,2005-06-17,,nie,
103911,Rodzina zastępcza,Rodzina zastępcza,1999,6.43269,48279,2005-06-17,,nie,
212986,Dom dla wymyślonych przyjaciół pani Foster,Foster's Home for Imaginary Friends,2004,7.20697,11509,2004-12-18,,nie,
36607,Z Archiwum X,The X Files,1993,7.88269,103949,2004-08-27,,nie,
93837,Na Wspólnej,Na Wspólnej,2003,4.81178,36531,2004-07-19,,nie,
38365,13 Posterunek,13 Posterunek,1997,7.2358,127313,2004-07-19,,nie,
163766,Kaczor Dodgers,Duck Dodgers,2003,7.07527,5673,2004-06-18,,nie,
40074,Ostry dyżur,ER,1994,7.51937,51768,2004-06-18,,nie,
96171,Laboratorium Dextera,Dexter's Laboratory,1996,7.40899,39989,2004-06-18,,nie,
95067,Sąsiedzi,...A je to!,1976,7.5485,24691,2004-06-17,,nie,
94381,Bliźniaki Cramp,The Cramp Twins,2001,6.10625,7906,2004-06-17,,nie,
94336,Strażnik Teksasu,"Walker, Texas Ranger",1993,6.13828,24327,2004-06-17,,nie,
125073,Gęsia skórka,Goosebumps,1995,7.45598,14301,2004-06-17,,nie,
153439,Daleko od noszy,Daleko od noszy,2003,5.39689,34040,2004-05-09,,nie,
259066,Detektyw,Detektyw,2001,5.25943,663,2004-03-04,,nie,
229926,Dinusie,Dino Babies,1994,7.19427,489,2004-01-17,,nie,
210623,Listonosz Pat,Postman Pat,1981,5.48043,3603,2003-11-26,,nie,
112986,"Ach, ten Andy!",What's with Andy?,2001,7.20837,11249,2003-11-25,,nie,
124080,Inspektor Gadżet,Inspector Gadget,1983,6.36221,10770,2003-10-24,,nie,
140339,Wojownicze Żółwie Ninja,Teenage Mutant Ninja Turtles,1987,6.99669,7258,2003-08-19,,nie,
89970,Kim Kolwiek,Kim Possible,2002,6.70689,5967,2003-07-19,,nie,
99750,Krecik,Krtek,1957,7.42322,19210,2003-07-16,,nie,
230690,Bob Budowniczy,Bob the Builder,1999,5.38998,3095,2003-05-16,,nie,
106129,Strażnicy czasu,Time Squad,2001,6.89641,3060,2003-05-16,,nie,
170289,Przygody Timmy'ego,The Fairly OddParents,2001,6.4634,5423,2003-05-16,,nie,
96167,Scooby-Doo: Gdzie jesteś?,"Scooby-Doo, Where Are You!",1969,7.47417,26767,2003-05-16,,nie,
219079,Pokémon,Pocket Monsters,1997,7.12781,20648,2003-05-15,,nie,
224608,Olimpiada Bolka i Lolka,Olimpiada Bolka i Lolka,1983,6.98816,591,2003-04-17,,nie,
120890,Bolek i Lolek,Bolek i Lolek,1963,6.88353,11351,2003-03-18,,nie,
95399,Dziwne przygody Koziołka Matołka,Dziwne przygody Koziołka Matołka,1969,6.61461,5257,2003-03-18,,nie,
191018,The Looney Tunes Show,The Looney Tunes Show,2002,7.60217,8099,2003-03-12,,nie,
157786,X-Men,X-Men,1992,7.69285,8872,2003-02-18,,nie,
95508,Świat według Ludwiczka,Life with Louie,1995,8.08771,55718,2003-02-18,,nie,
129157,Witaj Franklin,Franklin,1997,6.54773,4274,2003-02-17,,nie,
112988,Kryptonim: Klan na drzewie,Codename: Kids Next Door,2002,6.43829,4351,2002-12-19,,nie,
94757,Dzieciaki z klasy 402,The Kids From Room 402,1999,7.23007,3877,2002-11-23,,nie,
103885,Wilk i Zając,"Nu, pogodi!",1969,7.63436,18781,2002-11-23,,nie,
95051,Liga Sprawiedliwych,Justice League,2001,7.63536,5238,2002-06-06,,nie,
103881,Pszczółka Maja,Mitsubachi Maaya no Bōken,1975,6.8296,12694,2002-05-19,,nie,
96097,Timon i Pumba,Timon and Pumbaa,1995,7.2408,8181,2002-05-16,,nie,
36355,Nowe przygody Scooby Doo,The New Scooby-Doo Movies,1972,7.05493,5753,2002-03-19,,nie,
95741,Odlotowe agentki,Totally Spies!,2001,6.95493,13246,2001-12-26,,nie,
103517,Mroczne przygody Billy'ego i Mandy,Grim and Evil,2001,7.32638,7093,2001-12-26,,nie,
197303,Różowa Pantera,The Pink Panther Show,1969,7.1343,9419,2001-12-22,,nie,
181102,Mroczni i źli,Evil Con Carne,2003,6.62466,1095,2001-12-11,,nie,
171025,Odlotowe wyścigi,Wacky Races,1968,7.22856,3312,2001-11-26,,nie,
175786,Pinky i Mózg,Pinky and the Brain,1995,7.29854,22071,2001-07-26,,nie,
117492,Struś Pędziwiatr,The Road Runner Show,1966,7.53672,11248,2001-07-24,,nie,
96106,Kacze opowieści,DuckTales,1987,7.53677,15068,2001-06-26,,nie,
194738,Scooby-Doo,The Scooby-Doo/Dynomutt Hour,1976,7.22276,9638,2001-06-24,,nie,
96125,Lucky Luke,Lucky Luke,1984,6.97439,5897,2001-06-24,,nie,
161236,Teletubisie,Teletubbies,1997,3.77285,3786,2001-06-20,,nie,
229032,Szczenięce lata Toma i Jerry'ego,Tom and Jerry Kids Show,1990,6.60189,4971,2001-06-20,,nie,
117482,Tom i Jerry,Tom and Jerry,1940,7.69328,41376,2001-06-19,,nie,
104051,"Ed, Edd i Eddy","Ed, Edd, 'n' Eddy",1999,6.78536,22778,2001-06-18,,nie,
104639,Chojrak - tchórzliwy pies,Courage the Cowardly Dog,1999,7.43385,27424,2001-06-17,,nie,
469399,Myszka Miki i przyjaciele,Mickey Mouse and His Friends,1994,7.23769,2966,2001-06-16,,nie,
143644,The Bugs Bunny and Tweety Show,The Bugs Bunny and Tweety Show,1986,7.36765,136,2001-05-16,,nie,
217232,Zwariowane Melodie,Merrie Melodies: Starring Bugs Bunny and Friends,1990,7.96638,36527,2001-04-23,,nie,
96174,Johnny Bravo,Johnny Bravo,1997,7.28392,34126,2001-04-18,,nie,
218667,Sylvester i Tweety na tropie,The Sylvester & Tweety Mysteries,1995,6.98797,2577,2001-03-28,,nie,
117478,The Porky Pig Show,The Porky Pig Show,1964,7.14583,96,2001-03-24,,nie,
99774,Power Rangers,Mighty Morphin Power Rangers,1993,5.54779,12784,2001-03-05,,nie,
140452,Rodzina Addamsów,The Addams Family,1992,7.11209,1927,2001-02-10,,nie,
140372,Taz-Mania,Taz-Mania,1991,6.49829,875,2001-02-03,,nie,
96131,Popeye,Popeye the Sailor,1960,6.96239,3749,2001-01-17,,nie,
247313,The Bugs n' Daffy Show,The Bugs n' Daffy Show,1996,6.75,20,2000-11-25,,nie,
104704,Atomówki,The Powerpuff Girls,1998,6.49577,21294,2000-08-19,,nie,
126018,Krowa i Kurczak,Cow and Chicken,1995,6.41598,14621,2000-07-19,,nie,
121831,Spider-Man,Spider-Man,1994,7.78939,15588,2000-07-16,,nie,
98032,Reksio,Reksio,1967,7.15355,15891,2000-06-26,,nie,
442479,Kaczor Donald przedstawia,The Donald Duck Show,1983,7.62315,2359,2000-03-18,,nie,
96139,Jetsonowie,The Jetsons,1962,6.71766,18244,1999-07-27,,nie,
96165,Smerfy,Smurfs,1981,7.82168,53072,1999-07-16,,nie,
96092,Gumisie,The Gummi Bears,1985,7.60699,43345,1999-06-24,,nie,
117463,Królik Bugs przedstawia,The Bugs Bunny Show,1960,7.70006,12549,1999-06-20,,nie,
210385,Banany w piżamach,Bananas in Pyjamas,1992,4.38462,26,1999-06-17,,nie,
95053,Nowe przygody Kubusia Puchatka,The New Adventures of Winnie the Pooh,1988,7.59804,6951,1999-02-19,,nie,
96111,Mała syrenka,The Little Mermaid,1992,7.19692,2534,1999-02-17,,nie,
119826,Muminki,Tanoshii Moomin Ikka,1990,7.55839,44748,1998-10-25,,nie,
96157,Flintstonowie,The Flintstones,1960,7.19654,27134,1997-07-19,,nie,
10003459,Dmuchacze szkła: Święta,Blown Away: Christmas,2021,6.65455,110,2024-04-12,7,nie,
875459,Farma Clarksona,Clarkson's Farm,2021,8.59694,7314,2021-12-26,8,nie,
10005700,Bo Burnham: Inside,Bo Burnham: Inside,2021,8.25865,2370,2021-00-00,8,nie,
770786,Szymon Majewski Show,Szymon Majewski Show,2005,5.42797,1673,2006-06-17,,nie,
770683,Odpicuj mi brykę,Pimp My Ride,2004,6.17054,774,2005-07-19,,nie,
848400,Jeden z dziesięciu,Jeden z dziesięciu,1994,8.40162,2724,2004-06-17,,nie,
770715,Kuba Wojewódzki,Kuba Wojewódzki,2002,5.75115,5891,2003-05-16,,nie,
