Title,Year,Rating10,WatchedDate
A Monster Calls,2016,8,2023-06-04
Spider-Man: Across the Spider-Verse,2023,10,2023-06-01
Voskhozhdeniye,1977,8,2023-05-28
Death Proof,2007,6,2023-05-27
22 Jump Street,2014,7,2023-05-27
Edge of Tomorrow,2014,8,2023-05-20
Fast X,2023,4,2023-05-20
Guardians of the Galaxy Vol. 3,2023,9,2023-05-06
Baraka,1992,9,2023-04-30
Lawrence of Arabia,1962,9,2023-04-30
The Super Mario Bros. Movie,2023,6,2023-04-22
Razorback,1984,8,2023-04-16
Suzume no Tojimari,2022,7,2023-04-15
The Tracker,2002,5,2023-04-08
Dungeons & Dragons: Honor Among Thieves,2023,7,2023-04-05
Walkabout,1971,10,2023-04-03
Wayne's World,1992,5,2023-04-03
Rabbit-Proof Fence,2002,8,2023-04-01
Ghost Dog: The Way of the Samurai,1999,7,2023-03-29
Metamorfoza,1978,8,2023-03-26
Super Deluxe,2019,9,2023-03-26
John Wick: Chapter 4,2023,             7        ,
Creed III,2023,             7        ,
The Magician's Elephant,2023,             8        ,
65,2023,             8        ,
Shazam! Fury of the Gods,2023,5,2023-03-18
Summer Wars,2009,6,2023-03-14
The Lego Batman Movie,2017,8,2023-03-12
Dallas Buyers Club,2013,8,2023-03-11
Victor Victoria,1982,9,2023-03-01
Aftersun,2022,9,2023-02-27
Cocaine Bear,2023,5,2023-02-26
Million Dollar Baby,2004,6,2023-02-26
Ant-Man and the Wasp: Quantumania,2023,8,2023-02-26
Southpaw,2015,7,2023-02-19
In Bruges,2008,8,2023-02-18
Joe Pera Talks You to Sleep,2016,,2023-02-16
Nuovo cinema Paradiso,1988,9,2023-02-13
Puss in Boots,2011,6,2023-02-11
The Banshees of Inisherin,2022,8,2023-02-06
F9,2021,7,2023-02-05
What's Love Got to Do with It?,2022,8,2023-02-04
The Amazing Maurice,2022,7,2023-02-04
Tár,2022,9,2023-02-02
The Fabelmans,2022,6,2023-02-01
Tekkon Kinkreet,2006,8,2023-01-30
Weekends,2017,             8        ,
Marcel the Shell with Shoes On,2021,             8        ,
The Whale,2022,             8        ,
Babylon,2022,             8        ,
Czarny Czwartek. Janek Wiśniewski padł,2011,6,2023-01-21
Operation Fortune: Ruse de guerre,2023,6,2023-01-21
Puss in Boots: The Last Wish,2022,6,2023-01-14
Komornik,2005,8,2023-01-10
Moonfall,2022,3,2023-01-10
Top Gun,1986,8,2023-01-10
The Breakfast Club,1985,6,2023-01-10
IO,2022,8,2023-01-04
M3GAN,2022,8,2022-12-28
Muriel's Wedding,1994,8,2022-12-23
Bad Boy Bubby,1993,8,2022-12-22
The Bridge on the River Kwai,1957,9,2022-12-22
The Last Wave,1977,8,2022-12-18
300: Rise of an Empire,2014,8,2022-12-14
Avatar: The Way of Water,2022,8,2022-12-14
Mortal Kombat,2021,6,2022-12-12
Violent Night,2022,6,2022-12-08
District 9,2009,7,2022-11-30
The Menu,2022,8,2022-11-24
Strange World,2022,7,2022-11-24
The Mist,2007,8,2022-11-22
Barbarian,2022,7,2022-11-22
You Don't Mess with the Zohan,2008,             6        ,
Erskineville Kings,1999,             8        ,
The Many Saints of Newark,2021,             6        ,
Moonrise Kingdom,2012,9,2022-11-14
Chappie,2015,8,2022-11-09
Blade II,2002,4,2022-11-08
Blade,1998,8,2022-11-08
DC League of Super-Pets,2022,             5        ,
The Suicide Squad,2021,             7        ,
Mars Attacks!,1996,             5        ,
Assault on Precinct 13,1976,7,2022-11-04
Spider-Man: Far From Home,2019,7,2022-11-03
Heojil kyolshim,2022,4,2022-11-01
The Bad Guys,2022,8,2022-10-31
Black Adam,2022,4,2022-10-23
Clueless,1995,7,2022-10-17
21 Jump Street,2012,5,2022-10-16
Day of the Dead,1985,6,2022-10-16
The Curse of Bridge Hollow,2022,,2022-10-14
Spectre,2015,7,2022-10-13
Get Out,2017,6,2022-10-12
Nope,2022,6,2022-10-11
Tengoku to jigoku,1963,8,2022-10-08
Promare,2019,9,2022-09-26
Ticket to Paradise,2022,7,2022-09-22
Seksmisja,1983,             9        ,
Ran,1985,             7        ,
Anchiporuno,2016,             7        ,
Gok-seong,2016,9,2022-09-07
Przesłuchanie,1982,7,2022-09-04
Porno,1989,8,2022-09-04
Nic śmiesznego,1995,7,2022-09-03
Three Thousand Years of Longing,2022,7,2022-09-01
Viskningar och rop,1972,9,2022-08-31
Jôi-uchi: Hairyô tsuma shimatsu,1967,8,2022-08-30
Le Samouraï,1967,7,2022-08-27
Les triplettes de Belleville,2003,7,2022-08-25
Shi,2010,7,2022-08-21
Jao Nok Krajok,2009,6,2022-08-17
Bullet Train,2022,6,2022-08-13
Lake Mungo,2008,5,2022-08-10
Jin-Rō,1999,9,2022-08-09
Dzień świra,2002,8,2022-07-31
Kokoro ga Sakebitagatterun Da,2015,6,2022-07-28
Volver,2006,6,2022-07-27
Mayak ,2006,9,2022-07-24
Hana to Alice Satsujin Jiken,2015,7,2022-07-22
Kizumonogatari III: Reiketsu-hen,2017,6,2022-07-22
Kizumonogatari II: Nekketsu-hen,2016,6,2022-07-21
Kizumonogatari I: Tekketsu-hen,2016,5,2022-07-21
Gekijōban Violet Evergarden,2020,             6        ,
Dług,1999,             7        ,
Tian bian yi duo yun,2005,             8        ,
La Niña santa,2004,7,2022-07-13
Dead Leaves,2004,7,2022-07-09
"Paris, Texas",1984,8,2022-07-08
Starship Troopers,1997,6,2022-07-08
Thor: Love and Thunder,2022,9,2022-07-06
Qian Xi Man Po,2001,6,2022-06-29
Jurassic World Dominion,2022,5,2022-06-28
Elvis,2022,8,2022-06-26
Peul-lan-da-seu-eui Gae,2000,8,2022-06-26
Lightyear,2022,5,2022-06-18
Interceptor,2022,,2022-06-03
Scary Movie,2000,8,2022-05-29
The Babadook,2014,6,2022-05-29
Jackass 4.5,2022,7,2022-05-28
Top Gun: Maverick,2022,8,2022-05-28
Romper Stomper,1992,7,2022-05-26
Everything Everywhere All at Once,2022,7,2022-05-22
The Northman,2022,8,2022-05-22
I’m Thinking of Ending Things,2020,7,2022-05-18
Doctor Strange in the Multiverse of Madness,2022,5,2022-05-09
Pitbull. Ostatni pies,2018,3,2022-05-02
Kler,2018,6,2022-05-02
Drogówka,2013,             8        ,
Układ zamknięty,2013,             7        ,
Film balkonowy,2021,             9        ,
Ucho,1970,9,2022-04-02
X,2022,5,2022-04-02
Wake in Fright,1971,8,2022-03-27
Turning Red,2022,5,2022-03-19
The Batman,2022,6,2022-03-02
Pygmalion,1938,9,2022-02-27
C'mon C'mon,2021,7,2022-02-26
Uncharted,2022,8,2022-02-21
Shichinin no samurai,1954,8,2022-02-20
Licorice Pizza,2021,6,2022-02-19
Bakha satang,1999,7,2022-02-15
Drive My Car,2021,8,2022-02-14
Kimetsu no Yaiba: Mugen Ressha-Hen,2020,6,2022-02-05
Kono Subarashī Sekai ni Shukufuku o! 2: Kono Subarashī Geijutsu ni Shukufuku o!,2017,6,2022-01-19
Āya to Majo,2020,4,2022-01-10
Kyousogiga,2011,8,2022-01-09
L.O.L. Surprise: The Movie,2021,7,2022-01-09
The Mitchells vs. The Machines,2021,8,2022-01-08
The Butterfly Effect,2004,8,2022-01-08
North by Northwest,1959,7,2022-01-08
Colorful,2010,8,2022-01-06
Kono Subarashii Sekai ni Shukufuku o! Kurenai Densetsu,2019,9,2022-01-04
Smultronstället,1957,             8        ,
Hilda and the Mountain King,2021,             6        ,
Il Deserto rosso,1964,             9        ,
Duet,2014,9,2022-01-02
Dear Basketball,2017,7,2022-01-02
Special Delivery,2015,6,2022-01-02
Help,2015,7,2022-01-02
Buggy Night,2014,5,2022-01-02
Rain or Shine,2016,6,2022-01-02
Son of Jaguar,2017,6,2022-01-01
The Dot and the Line: A Romance in Lower Mathematics,1965,8,2022-01-01
Back to the Moon,2018,8,2022-01-01
Orfeu Negro,1959,9,2022-01-01
Det sjunde inseglet,1957,8,2021-12-31
Nóż w wodzie,1961,7,2021-12-31
Lord of the Flies,1963,6,2021-12-31
Dial M for Murder,1954,7,2021-12-31
Nora inu,1949,6,2021-12-30
Dog Day Afternoon,1975,8,2021-12-30
Sayonara no Asa ni Yakusoku no Hana o Kazarō,2018,7,2021-12-29
Iblard Jikan,2007,8,2021-12-29
Brokeback Mountain,2005,7,2021-12-29
The Boy in the Striped Pyjamas,2008,8,2021-12-28
Life of Brian,1979,8,2021-12-27
Don't Look Up,2021,             6        ,
The Matrix Resurrections,2021,             5        ,
The Green Mile,1999,             7        ,
Spider-Man: No Way Home,2021,             7        ,
Faces,1968,9,2021-12-16
Rear Window,1954,8,2021-12-14
"Hiroshima, mon amour",1959,9,2021-12-12
The French Dispatch,2021,8,2021-12-11
Falling Leaves,1912,7,2021-12-07
Shin Evangelion Gekijō-ban :||,2021,5,2021-12-05
Dune,2021,7,2021-12-02
Encanto,2021,6,2021-12-02
Fa yeung nin wa,2000,7,2021-11-28
Goldman v Silverman,2020,6,2021-11-28
Venom: Let There Be Carnage,2021,5,2021-11-27
A Woman Under the Influence,1974,10,2021-11-26
Beau travail,1999,8,2021-11-24
Last Night in Soho,2021,7,2021-11-20
Yi Yi,2000,8,2021-11-18
Storm Boy,1976,7,2021-11-18
No Time to Die,2021,7,2021-11-17
Att döda ett barn,1953,9,2021-11-14
The Big Swallow,1901,,2021-11-14
W sumie moglibyśmy nakręcić jakiś film,2014,5,2021-11-14
Evangelion Shin Gekijō-ban Q Quickening,2012,8,2021-11-10
Evangelion Shin Gekijōban: Ha,2009,8,2021-11-07
The Danish Poet,2006,             6        ,
The Dingles,1988,             6        ,
The Street,1976,             7        ,
Village of Idiots,1999,6,2021-11-07
The Bead Game,1977,7,2021-11-07
Madame Tutli-Putli,2007,8,2021-11-07
Manivald,2017,3,2021-11-07
Blind Vaysha,2016,8,2021-11-07
Wild Life,2011,7,2021-11-07
The End of Pinky,2013,4,2021-11-07
My Grandmother Ironed the King's Shirts,1999,5,2021-11-07
When the Day Breaks,1999,8,2021-11-07
Shang-Chi and the Legend of the Ten Rings,2021,6,2021-11-07
Ron's Gone Wrong,2021,7,2021-11-06
Evangelion Shin Gekijōban: Jo,2007,8,2021-11-04
Josep,2019,7,2021-11-01
La jetée,1962,8,2021-10-31
Le voyage dans la lune,1902,8,2021-10-31
Puparia,2020,7,2021-10-30
The Rescuers,1977,7,2021-10-28
The Royal Tenenbaums,2001,5,2021-10-25
The Rescuers Down Under,1990,6,2021-10-24
The Darjeeling Limited,2007,6,2021-10-22
Rushmore,1998,7,2021-10-22
Treasure Planet,2002,             8        ,
Dinosaur,2000,             5        ,
Black Swan,2010,             6        ,
Edward Scissorhands,1990,             9        ,
(500) Days of Summer,2009,8,2021-10-13
Belle: Ryū to Sobakasu no Hime,2021,4,2021-10-10
James and the Giant Peach,1996,7,2021-10-09
Captain Sparky vs. The Flying Saucers,2013,6,2021-10-09
Frankenweenie,1984,6,2021-10-09
Frankenweenie,2012,8,2021-10-08
Blush,2021,6,2021-10-06
The Black Cauldron,1985,6,2021-10-06
Atlantis: The Lost Empire,2001,7,2021-10-04
22 vs. Earth,2021,             6        ,
Toy Story That Time Forgot,2014,             5        ,
Toy Story of Terror,2013,             6        ,
Finding Dory,2016,             9        ,
The Good Dinosaur,2015,6,2021-10-02
Lamp Life,2020,7,2021-10-02
Burrow,2020,7,2021-10-02
Out,2020,8,2021-10-02
Loop,2020,7,2021-10-02
Us Again,2021,6,2021-10-02
Myth: A Frozen Tale,2019,8,2021-10-02
Once Upon a Snowman,2020,5,2021-10-02
Destino,2003,6,2021-10-02
Super Rhino,2009,             7        ,
Bolt,2008,             5        ,
Free Guy,2021,             6        ,
La vita è bella,1997,9,2021-09-29
Red Dog,2011,5,2021-09-27
Spokój,1976,6,2021-09-26
Krótki dzień pracy,1981,7,2021-09-26
Manchester by the Sea,2016,6,2021-09-25
Portrait de la jeune fille en feu,2019,8,2021-09-25
Fantastic Fungi,2019,5,2021-09-23
The Adventures of Tintin,2011,6,2021-09-23
Venom,2018,3,2021-09-22
Das Boot,1981,8,2021-09-21
Jason and the Argonauts,1963,8,2021-09-20
Silverado,1985,7,2021-09-15
Dancing with the Birds,2019,8,2021-09-11
White Chicks,2004,3,2021-09-03
The Witcher: Nightmare of the Wolf,2021,5,2021-08-30
Airplane!,1980,6,2021-07-09
Rashômon,1950,8,2021-07-04
Personel,1975,8,2021-07-04
Mean Girls,2004,6,2021-07-02
Kung fu,2004,8,2021-07-02
Serpico,1973,8,2021-06-28
Kamera o Tomeru na!,2017,8,2021-06-27
Animal Farm,1954,             7        ,
Przejście podziemne,1973,             6        ,
Ichiban Utsukushiku,1944,             7        ,
Doodlebug,1997,6,2021-06-27
Mr. Incredible and Pals,2005,4,2021-06-26
Frozen II,2019,6,2021-06-26
Cars 3,2017,8,2021-06-26
Kagemusha,1980,8,2021-06-25
Cars 2,2011,8,2021-06-25
Dareka no Manazashi,2013,6,2021-06-25
Z punktu widzenia nocnego portiera,1977,7,2021-06-25
Hoshi no Koe,2002,7,2021-06-24
Cars,2006,7,2021-06-24
Rio,2011,5,2021-06-24
Chung hing sam lam,1994,8,2021-06-23
Zootopia,2016,7,2021-06-23
Nie wiem,1977,8,2021-06-23
Legenda,1975,7,2021-06-23
Moana,2016,9,2021-06-22
Float,2019,7,2021-06-22
Wind,2019,5,2021-06-22
Auntie Edna,2018,7,2021-06-22
Je t'aime,2010,7,2021-06-22
Pierwsza miłość,1974,9,2021-06-21
Egao,2003,8,2021-06-21
Kanojo to Kanojo no Neko,1999,             8        ,
Tōi Sekai,1997,             7        ,
Tangled,2010,             6        ,
Luca,2021,7,2021-06-19
Akahige,1965,7,2021-06-14
Suzumiya Haruhi no Shōshitsu,2010,6,2021-06-10
Życiorys,1975,6,2021-06-09
Podstawy BHP w kopalni miedzi,1972,,2021-06-09
L'homme orchestre,1900,8,2021-06-09
Les Infortunes d'un explorateur,1900,,2021-06-09
La Vengeance du gâte-sauce,1900,,2021-06-09
Tom Whisky ou L'illusioniste toqué,1900,8,2021-06-09
Le Chevalier mystere,1899,8,2021-06-09
Conseil de guerre en séance à Rennes,1899,,2021-06-09
Bagarre entre journalistes,1899,,2021-06-09
Attentat contre maître Labori,1899,,2021-06-09
Entretien de Dreyfus et de sa femme à Rennes,1899,,2021-06-09
L'affaire Dreyfus,1899,,2021-06-09
Suicide du Colonel Henry,1899,,2021-06-09
Mise aux fers de Dreyfus,1899,,2021-06-09
Le Diable au couvent,1899,,2021-06-09
L'Île du diable,1899,,2021-06-09
La Dictée du bordereau,1899,,2021-06-09
Le portrait mystérieux,1899,8,2021-06-09
La Colonne de feu,1899,,2021-06-09
L'Impressionniste fin de siècle,1899,                     ,
La Tentation de Saint-Antoine,1898,                     ,
Un homme de têtes,1898,                     ,
La lune à un mètre,1898,                     ,
Les Aventures de Guillaume Tell,1898,             8        ,
Une partie des cartes,1896,                     ,
Illusions fantasmagoriques,1898,                     ,
Le Magicien,1898,             8        ,
Panorama pris d'un train en marche,1898,                     ,
Visite sous-marine du Maine,1898,                     ,
Après le bal,1897,                     ,
L'Auberge ensorcelée,1897,                     ,
La Prise de Tournavos,1897,                     ,
Le Château hanté,1896,                     ,
Le Cauchemar,1896,                     ,
Escamotage d'une dame au théâtre Robert Houdin,1896,                     ,
Une Nuit terrible,1896,                     ,
Partie de cartes,1897,                     ,
Entre Calais et Douvres,1897,                     ,
The '?' Motorist,1906,                     ,
Return of T.R.H. the Prince and Princess of Wales,1906,                     ,
The Unfortunate policeman,1905,                     ,
Mr. Pecksniff Fetches the Doctor,1904,                     ,
Drat That Boy,1904,                     ,
Buy Your Own Cherries,1904,                     ,
An Extraordinary Cab Accident,1903,                     ,
A Chess Dispute,1903,                     ,
The Kiddies' Cakewalk,1903,                     ,
Kiddies Cakewalk,1903,                     ,
Scrooge; or Marley's Ghost,1901,                     ,
Hammerfest,1903,                     ,
The Delhi Durbar,1903,                     ,
Coronation Durbar at Delhi,1903,                     ,
The Extraordinary Waiter,1902,                     ,
His Only Pair,1902,                     ,
The Magic Sword,1901,             8        ,
Cruella,2021,             6        ,
Peter Rabbit 2: The Runaway,2021,             8        ,
Wrath of Man,2021,             8        ,
The Haunted Curiosity Shop,1901,                     ,
The Deonzo Brothers,1901,                     ,
Artistic Creation,1901,             9        ,
The Waif and the Wizard,1901,                     ,
Undressing Extraordinary,1901,                     ,
La Fée au pigeons,1906,                     ,
L'album merveilleux,1905,                     ,
La fée aux fleurs,1905,                     ,
La Métamorphose du papillon,1904,                     ,
The Countryman and the Cinematograph,1901,                     ,
An Over-Incubated Baby,1901,                     ,
The Cheese Mites,1903,                     ,
His Brave Defender,1900,                     ,
A Railway Collision,1900,                     ,
An Exciting Pillow Fight,1900,                     ,
Entry of the Scots' Guard Into Bloemfontein,1900,                     ,
Cronje's Surrender to Lord Roberts,1900,                     ,
"Tetherball, or Do-Do",1898,                     ,
Army Life,1900,,2021-05-15
"Upside Down, or The Human Flies",1899,8,2021-05-15
Attack on a Piquet,1899,,2021-05-15
A Camp Smithy,1899,,2021-05-15
Come Along Do!,1898,,2021-05-15
Tommy Atkins In The Park,1898,                     ,
Sirdar's Reception at Guildhall,1898,                     ,
A Switchback Railway,1898,                     ,
The Launch of HMS Albion at Blackwall,1898,                     ,
Robbery,1897,                     ,
Cupid at the Washtub,1897,                     ,
Fishermen and Boat at Port Said,1897,                     ,
Women Fetching Water from the Nile,1897,                     ,
Life Guards and Princes North of St Paul's,1897,                     ,
Queen's Carriage and Indian Escort Arriving at St. Paul's,1897,                     ,
Royal Princes in St. Paul's Churchyard,1897,                     ,
Royal Carriage Arriving at St Paul's,1897,                     ,
Dragoons Passing St Paul's,1897,                     ,
Caped Mounted Riflemen Passing St Paul's,1897,                     ,
Royal Carriages Passing Westminster,1897,                     ,
Head of Colonial Procession,1897,                     ,
Head of Procession Including Bluejackets,1897,                     ,
Chirgwin Plays a Scotch Reel,1896,                     ,
Chirgwin in His Humorous Business,1896,                     ,
A Sea Cave Near Lisbon,1896,                     ,
Blackfriars Bridge,1896,                     ,
The Twins' Tea Party,1896,                     ,
Comic Costume Race,1896,                     ,
Royal Train,1896,                     ,
Scene on the Delaware River,1897,                     ,
Hyde Park Bicycling Scene,1896,                     ,
The Derby,1900,                     ,
The Derby,1896,                     ,
The Derby 1895,1895,                     ,
The Arrest of a Bookmaker,1895,                     ,
Écriture à l'envers,1896,                     ,
Le Moustique Récalcitrant,1905,                     ,
La Gare Saint-Lazare,1896,                     ,
La gare,1896,                     ,
Sortie de l'usine Cockeril à Seraing,1899,                     ,
"Marseille, la Canebière",1896,                     ,
Repas des chats,1896,                     ,
"Bethléem, une place",1897,                     ,
Labourage,1896,                     ,
Le Repas fantastique,1900,             8        ,
Le repas fantastique,1902,                     ,
La marmite diabolique,1903,             8        ,
Le Carrousel: Evolution des quadrilles,1903,                     ,
Les saltimbanques,1898,                     ,
Cuirassiers traversant la Saône à la nage,1897,                     ,
"Exercices de ski, I",1904,                     ,
Danse serpentine,1896,                     ,
"Belfast, Queen's Bridge",1897,                     ,
Cavalcade historique en Sardaigne,1899,                     ,
Le Roi et la reine de Roumanie et leur escorte,1896,                     ,
Les Escaliers du Pont de l'Alma,1900,                     ,
Le marchand de marrons,1897,,2021-05-13
A bord du 'Tonkin' - Le saut à la corde,1900,,2021-05-13
"Beyrouth, place des canons",1897,,2021-05-13
Une scène d'hypnotisme II,1898,,2021-05-13
Pont de Westminster,1896,                     ,
Poursuite sur les toits,1898,                     ,
Départ de Jérusalem en chemin de fer,1897,                     ,
Prestidigitateur,1897,                     ,
"Fêtes du couronnement de S.M. le Tsar Nicolas II: Saint-Pétersbourg, rue Tverskaïa",1896,                     ,
Patineur grotesque,1896,                     ,
Intérieur d'une imprimerie (tirage d'une épreuve),1899,                     ,
Descente de la grande pyramide,1897,                     ,
Un Bal d'enfants,1896,                     ,
Le goûter champêtre,1898,                     ,
"Ballet, 'Le carnaval de Venise' II",1897,                     ,
"Belfast, exercices de sauvetage",1897,                     ,
"Carrare, train sortant d'un tunnel",1897,                     ,
Panorama du port d'Alger,1904,                     ,
Berlin: Panoptikum,1896,                     ,
Panorama pendant l'ascension de la Tour Eiffel,1898,                     ,
"Bruxelles, Grande place",1897,                     ,
Escrime au sabre japonais,1897,                     ,
"Melbourne, les courses: présentation du vainqueur",1896,                     ,
Arles: La sortie de St-Throphime,1901,                     ,
"Washington, le président Mac Kinley adressant son message",1897,                     ,
"Lyon, sauvetage de lapins; innondations",1896,                     ,
"Montreux, Fêtes des Narcisses: Marquises dans leurs chaises à porteurs",1900,                     ,
L'Arrivee en voiture,1896,                     ,
Le retour. Place de l'Etoile,1899,                     ,
Aquarium,1895,                     ,
Les Elks champions du Cake-Walk,1903,                     ,
Panorama du funiculaire du Mont-Dore,1898,                     ,
Sortie de l'église Saint-Jacques,1899,                     ,
Sortie de la grand' messe de l'église de la cathédrale,1899,                     ,
Combat de coqs,1896,                     ,
Combat de coqs,1899,                     ,
Danseuse de ballet,1897,                     ,
Expérience du ballon dirigeable de M. Santos-Dumont : II. Le ballon et son moteur,1900,                     ,
Expérience du ballon dirigeable de M. Santos-Dumont : I. Sortie du ballon,1900,                     ,
Départ de S. M. le Roi et de M. le Président pour la chasse à Rambouillet,1904,                     ,
Panorama de la ligne de Cauteréts: Le tunnel,1900,                     ,
Genève (Exposition 1896): rentrée à l'étable,1896,,2021-05-13
"Liverpool, la rade",1897,,2021-05-13
Procession du tapis sacré,1897,,2021-05-13
Le Village,1900,,2021-05-13
Chiens savants: Equilibres,1899,,2021-05-13
Vue générale du Pont Alexandre III,1900,,2021-05-13
Boxeurs en tonneaux,1897,,2021-05-13
Cheval de haute école II,1897,,2021-05-13
Retour d'une promenade en mer,1896,,2021-05-13
Berne: Arrivée du roi de Siam,1897,,2021-05-13
"Lausanne, défilé du 8ème bataillon",1896,,2021-05-13
Scène de laveuses,1896,,2021-05-13
Laveuses,1896,,2021-05-13
"Toulouse, rue Alsace-Lorraine",1896,,2021-05-13
L'assassinat du duc de Guise,1897,,2021-05-13
Avenue des Champs-Elysées et le Petit Palais,1900,,2021-05-13
"Chicago, grande roue",1896,,2021-05-13
Panorama des rives de la Seine à Paris,1896,,2021-05-13
Kiel: lancement du 'Fürst-Bismarck',1897,,2021-05-13
Buffalo Bill: peaux rouges,1897,,2021-05-13
Danse de l'éventail,1905,                     ,
"Stockholm, entrée de l'exposition",1897,                     ,
Entrée de l'Exposition,1897,                     ,
Baignade en mer,1896,                     ,
Arrivée d'un train à Perrache,1896,,2021-05-13
Panorama de l'arrivée en gare de Perrache pris du train,1896,,2021-05-13
Champs-Élysées,1896,,2021-05-13
Transport de la cloche de l'indépendance,1896,,2021-05-13
Tigres,1896,,2021-05-13
Nice: Sa Majesté Carnaval et le char des Limonadiers,1901,,2021-05-13
Le char funèbre,1901,,2021-05-13
Danse d'hommes,1897,,2021-05-13
Joueurs de cartes arrosés,1896,,2021-05-13
"Venise, tramway sur le Grand Canal",1896,,2021-05-13
II. Inauguration (longueur : 8 mètres),1896,,2021-05-13
Querelle de matelassières,1898,,2021-05-13
Danse indienne,1902,,2021-05-13
"École de cavalerie de Saumur, le carrousel militaire: Changement de main",1897,,2021-05-13
Bonne d'enfants et soldat,1897,,2021-05-13
"Jérusalem, porte de Jaffa, côté Est",1897,,2021-05-13
Radeau avec baigneurs,1897,,2021-05-13
La Plage et la Mer,1901,,2021-05-13
Danses espagnoles,1900,,2021-05-13
Une rue à Séville,1898,,2021-05-13
Voyage de M. le Président Félix Faure en Russie (Août 1897): Arrivée du président et du Czar à Peterhof,1897,                     ,
Leçon de boxe,1898,                     ,
Faneurs,1897,                     ,
Plate-forme mobile et train électrique,1900,                     ,
Le President en promenade,1896,                     ,
Troyes : l'hôtel de ville,1899,                     ,
Les pyramides (vue générale),1897,                     ,
6ème bataillon de chasseurs alpins: ascension du sommet du diable,1898,                     ,
"New York, Avenue et Union Square",1896,                     ,
Le Roi Victor Emmanuel III se rendant au Sénat pour la cérémonie du Serment,1900,                     ,
Retour du Cortège après le Couronnement: Le Roi,1903,                     ,
Pau: La Terrasse,1901,                     ,
"Panorama pris en chemin de fer, départ de Dammurey",1897,                     ,
"Voyage de M. le Président de la République Félix Faure en Vendée: bal des Sablaises, Les Sables-d'Olonne",1897,                     ,
Acteurs japonais: Bataille au sabre,1898,                     ,
"Espagne : courses de taureaux, II",1897,                     ,
"Madrid, arrivée des toréadors",1896,                     ,
Place de la Comédie,1896,                     ,
Levée des filets de pêche,1896,                     ,
"Milan, place du Dôme",1896,                     ,
Victor Hugo et les principaux personnages des 'Misérables',1897,                     ,
Alger: rue Bab-Azoun,1897,                     ,
Feu de bois,1897,                     ,
Lassage des boeufs pour le labour,1896,                     ,
Le cortège : la reine,1897,                     ,
Concert,1896,                     ,
"Cologne, pont de bateaux",1896,                     ,
"Venise, panorama de la place Saint-Marc pris d'un bateau",1897,                     ,
Panorama du havre (pris d'un bateau),1896,                     ,
"Nice, panorama du casino pris d'un bateau",1897,                     ,
Panorama des quais de la Saône à Lyon pris d'un bateau,1897,                     ,
Evian: procession de la Fête-Dieu I,1898,                     ,
Chamonix: Arrivée en voitures des breaks d'excursion,1901,                     ,
Fêtes du Palais-Royal: Un tournoi,1899,                     ,
Une Noce indigène,1903,                     ,
Assassinat de Kleber,1897,                     ,
"Liverpool, Lime Street",1897,                     ,
L'Arrivée des Maires,1900,                     ,
"Nice : panorama sur la ligne de Beaulieu à Monaco, III",1900,                     ,
Débarquement,1896,                     ,
Intérieur d'une vacherie,1900,                     ,
"Course de taureaux, sortie de la quadrille",1896,                     ,
Sortie de la Quadrille et commencement de la course (Vue de trios quarts),1899,                     ,
Sortie de la Quadrille (Vue de face),1899,                     ,
Le commandant Marchand au Cercle Militaire à Paris,1899,                     ,
La petite fille et son chat,1900,                     ,
Danse Japonaise: Gueichas en Jinrikcha,1899,                     ,
The Conversation,1974,             8        ,
"Barcelone, panorama du port II",1896,                     ,
Exécution de Jeanne d'Arc,1898,                     ,
"Paris, le Pont-Neuf",1897,                     ,
La sortie de l'arsenal,1900,                     ,
Fête de Paris 1899: Concours d'automobiles fleuries,1899,                     ,
L'arrivée en voiture - La remise des decorations - La sortie de la Chambre de Commerce,1902,                     ,
Les Bains de Diane à Milan,1896,                     ,
"Vue prise d'une plate-forme mobile, I",1900,                     ,
Sortie de la pompe,1896,                     ,
Le village de Namo - Panorama pris d'une chaise à porteurs,1900,                     ,
Arroseur et arrosé,1896,                     ,
Le bon jardinier,1911,                     ,
Couronnement du Czar: Les Souverains et les Invités se rendant au sacre (escalier rouge),1896,                     ,
Bains sur la Saône,1897,                     ,
Chiens savants: la danse serpentine,1898,,2021-05-13
Brooklyn Bridge,1896,,2021-05-13
"New York, pont de Brooklyn",1896,,2021-05-13
Football,1897,,2021-05-13
Panorama pris d'un ballon captif,1899,,2021-05-13
Chasse au Renard: Le Départ,1899,,2021-05-13
Le Roi de Cambodge se rendant au Palais,1902,,2021-05-13
Défense du drapeau,1902,,2021-05-13
La défense du drapeau,1897,,2021-05-13
"Constantinople, panorama des rives du Bosphore",1897,,2021-05-13
"Thiers, Mac-Mahon, Grévy, Carnot, Félix Faure",1898,,2021-05-13
I une rue à Tokyo,1898,,2021-05-13
Exercises de lances,1903,,2021-05-13
La paralytique,1897,,2021-05-13
Sauts au cheval en longueur,1897,,2021-05-13
"Londres, Piccadilly Circus",1896,                     ,
A bord du 'Formidable': escrime au sabre,1896,                     ,
Attelage d'un camion,1897,                     ,
Ouvriers réparant un trottoir en bitume,1897,,2021-05-12
Baignade de chevaux,1896,,2021-05-12
Equilibre et moulinet,1899,,2021-05-12
Le scieur de bois mélomane,1898,,2021-05-12
"Carmaux, chargement du coke",1896,,2021-05-12
"Barcelone, panorama du port I",1896,,2021-05-12
Ateliers de La Ciotat,1896,,2021-05-12
M. le Président de la République sur la Jetée Promenade,1902,,2021-05-12
Procession à Séville III,1898,,2021-05-12
"Jérusalem, le saint sépulcre",1897,,2021-05-12
La mise en croix,1898,,2021-05-12
La cène,1898,,2021-05-12
Vu générale de l'Exposition prise du Trocadéro,1900,,2021-05-12
99ème régiment d'infanterie: assaut du portique,1897,,2021-05-12
Maillane: Défilé des tambourinaires,1901,,2021-05-12
"Le Caire, un enterrement",1897,,2021-05-12
Défilé de voitures de bébés à la pouponnière de Paris,1899,,2021-05-12
Fumerie d'opium,1901,,2021-05-12
Danse au bivouac,1896,,2021-05-12
Après le lancement: sortie des invités et du public,1899,,2021-05-12
Lancement du 'Varèse' à Livourne,1899,,2021-05-12
La poupée: Le cure et les mannequins,1899,,2021-05-12
Géant et nain,1896,                     ,
Moulin à homme pour l'arrosage des rizières,1899,                     ,
Concours de bébés,1896,                     ,
La toilette du petit chien,1899,,2021-05-12
"Belfast, Castle Place",1897,,2021-05-12
Transport d'une tourelle par un attelage de 60 chevaux,1897,,2021-05-12
"La Mi-Carême, Char et bataille de confettis",1899,,2021-05-12
"Paris, mi-carême: char de la reine des reines",1897,,2021-05-12
"The Pigeons, Place St. Marc, Venice",1903,,2021-05-12
Water-to-bogant (Montagnes russes sur l'eau),1896,,2021-05-12
Entrée d'une noce à l'église,1897,,2021-05-12
Charmeur d'oiseaux,1897,,2021-05-12
Danseuses Cambodgiennes du roi Norodom. II.,1902,,2021-05-12
"Budapest, pont suspendu",1896,,2021-05-12
Cortège de gymnastique devant LL. MM.,1899,,2021-05-12
Mont Dore: L'Etablissement thermal,1900,,2021-05-12
Barrage du Nil,1897,,2021-05-12
Nègres Ashantis: Toilette d'un negrillon II,1897,,2021-05-12
Chaise en Bascule,1900,,2021-05-12
Voltige à cheval à Prague,1899,,2021-05-12
Japonaise faisant sa toilette,1899,,2021-05-12
Duel au pistolet,1896,,2021-05-12
Les chats boxeurs,1898,,2021-05-12
"Paris, cortège du boeuf gras: Char du prince du carnaval",1897,,2021-05-12
Sousse: Marché aux charbons (avec chameaux),1896,,2021-05-12
Entrée du cinématographe,1896,                     ,
Le Cocher de fiacre endormi,1897,                     ,
Le cocher endormi,1897,                     ,
Le char funèbre,1899,,2021-05-12
Epinal: Les bords de la Moselle,1900,,2021-05-12
Jongleur javanais,1896,,2021-05-12
Repas d'indiens,1896,,2021-05-12
À bord du 'Formidable': Ramassage du linge,1898,,2021-05-12
Les Patineurs,1900,,2021-05-12
Le Bey de Tunis et les personnages de sa suite descendant l'escalier du Bardo,1904,,2021-05-12
"Nice, Carnaval (N° 1)",1897,,2021-05-12
Bourricots sous les palmiers,1897,,2021-05-12
Danse Tyrolienne,1897,,2021-05-12
"Lyon, travaux au canal de Jonage: Machine à damer",1896,,2021-05-12
Premiers pas de bébé,1896,,2021-05-12
"Lourdes, transport de malades II",1896,,2021-05-12
Néron essayant des poisons sur des esclaves,1896,,2021-05-12
24ème chasseurs alpins: leçon de boxe,1897,,2021-05-12
Danse des Ciocciari,1897,,2021-05-12
Jeu de la poêle,1897,,2021-05-12
Dekalog X,1988,7,2021-05-12
Bataille de boules de neige,1900,,2021-05-12
Bataille de neige,1900,,2021-05-12
Chamonix: Le Mauvais Pas,1901,,2021-05-12
Défilé de jeunes filles au lycée,1896,,2021-05-12
Le cigare introuvable,1897,                     ,
Glissade sur la neige,1901,                     ,
Enfants jouant aux billes,1896,                     ,
Passage d'un tunnel en chemin de fer,1898,,2021-05-12
"Paris, Place de la République",1897,,2021-05-12
Place de la République,1897,,2021-05-12
Le goûter des bébés,1897,,2021-05-12
"Naples, port et Vésuve",1896,,2021-05-12
"Monza, L.L. M.M. le Roi et la Reine d'Italie",1896,,2021-05-12
Acteurs japonais: Exercice de la perruque,1898,,2021-05-12
Partie d'écarte,1896,,2021-05-12
Vue de l'avant d'un transatlantique par un gros temps,1899,,2021-05-12
Lancement d'un navire ,1896,,2021-05-12
Voitures automobiles,1896,,2021-05-12
"New-York, patineurs au Parc central",1896,,2021-05-12
La mort de Robespierre,1897,,2021-05-12
"Sortie de la briqueterie Meffre et Bourgoin, à Hanoï",1902,,2021-05-12
Panorama du funiculaire de Bellevue II,1898,,2021-05-12
Batteuse de blé,1897,,2021-05-12
Cirque de Gavarni: Caravane,1901,,2021-05-12
Arrivée de cyclistes à Turin,1900,,2021-05-12
Boulevard Anspach,1897,,2021-05-12
La Plage et l'Etablissement,1901,,2021-05-12
"La rue des nations, II",1900,,2021-05-12
Passage en chaises à porteurs au col des Nuages (Annam),1900,,2021-05-12
Défilé des Vétérans en costumes anciens: Vue de près,1899,                     ,
Repas en famille,1896,                     ,
La Piscine d'Aix-les-Bains,1899,                     ,
"Paris, Arc de Triomphe",1896,,2021-05-12
La Mort de Marat,1897,,2021-05-12
Baignade de nègres,1896,,2021-05-12
Une partie de lawn-tennis II,1897,,2021-05-12
Douche après le bain,1896,,2021-05-12
Bains en mer,1896,,2021-05-12
Cavalcade (Char du soleil),1896,,2021-05-12
"Washington, défilé de la garde nationale du district Colombia",1896,,2021-05-12
Départ en gondole de LL. MM.,1898,,2021-05-12
Sauts périlleux par deux,1899,,2021-05-12
Le rémouleur et l'assiette au noir,1897,,2021-05-12
Panorama pris depuis une plate-forme mobile,1896,,2021-05-12
"Paris, Champs-Elysées (voitures)",1896,,2021-05-12
"Rome, pont Ripetta",1896,,2021-05-12
Scaphandrier,1896,,2021-05-12
Promenade des congressistes sur le bord de la Saône,1895,,2021-05-12
Course en sac,1895,,2021-05-12
"New York, arrivée d'un train à Bathery Place",1896,,2021-05-12
Pêche aux sardines,1896,,2021-05-12
I Promenade du dragon à Cholon,1902,,2021-05-12
Vue prise d'une baleinière en marche,1901,,2021-05-12
Enfants annamites ramassant des sapèques devant la pagode des dames,1900,,2021-05-12
M. Loubet aux courses,1899,                     ,
La Palestina en 1896,1897,                     ,
Colleurs d'affiches,1897,                     ,
Chicago défilé de policemen,1897,,2021-05-12
Coolies à Saïgon,1897,,2021-05-12
Faust: apparition de Méphistophélès,1897,,2021-05-12
Laveuses sur la rivière,1897,,2021-05-12
Guillaume Tell,1897,,2021-05-12
"Procession, I",1897,,2021-05-12
"Marché aux boeufs, I",1897,,2021-05-12
Melbourne,1896,,2021-05-12
Bataille de boules de neige,1896,,2021-05-12
Cortège arabe,1896,,2021-05-12
Arrivée d'un bateau à vapeur,1896,,2021-05-12
Assiettes tournantes,1896,,2021-05-12
Balançoires,1896,,2021-05-12
Bataille de femmes,1896,,2021-05-12
Alger: place du gouvernement,1896,,2021-05-12
"Brooklyn, Fulton Street",1896,,2021-05-12
"Budapest, cortege dr la Couronne",1896,,2021-05-12
"Carmaux, défournage du coke",1896,,2021-05-12
Querelle enfantine,1896,8,2021-05-12
Enfants pêchant des crevettes,1896,,2021-05-12
Concours de boules,1896,,2021-05-12
Cortège au mariage de la princesse Maud,1896,,2021-05-12
Course en sacs,1896,                     ,
"Courses d'anes: II, la course",1896,                     ,
Cyclistes et cavaliers arrivant au cottage,1896,                     ,
"Berlin, Hallesches Thor",1896,,2021-05-12
Danse Serpentine,1896,,2021-05-12
Danseuses des rues,1896,,2021-05-12
Dragons traversant la Saône à la nage,1896,,2021-05-12
"Dresde, vieux quartier allemand à I'Exposition",1896,,2021-05-12
"Dresden, August-Brücke",1896,,2021-05-12
Départ de cyclistes,1896,,2021-05-12
"Cologne, Panorama pris d'un bateau",1896,,2021-05-12
Bal d'enfants,1896,,2021-05-12
Bassin des Tuileries,1896,,2021-05-12
"Lions, Jardin zoologique, Londres",1896,,2021-05-12
Démolition d'un mur,1896,,2021-05-12
Fête au village,1896,,2021-05-12
Evian: Embarquement,1896,,2021-05-12
Jeux d'enfants dans une rue,1896,,2021-05-12
"Fêtes franco-russes: Cherbourg, Entrée des Souverains russes et du président de la République sous le hall",1896,,2021-05-12
Tokyo Godfathers,2003,9,2021-05-11
Cuirassiers à cheval,1896,,2021-05-11
Le marché aux poissons,1896,,2021-05-11
Mauvaises herbes,1896,,2021-05-11
"Melbourne, les courses: sorties de chevaux",1896,,2021-05-11
Nègres dansant dans la rue,1896,,2021-05-11
Embarquement d'une chaudiere,1896,                     ,
"Londres, Entrée du cinématographe",1896,                     ,
"New Brooklyn to New York via Brooklyn Bridge, No. 2",1899,                     ,
"New Brooklyn to New York via Brooklyn Bridge, No. 1",1899,,2021-05-11
Basse-cour,1896,,2021-05-11
Le maréchal-ferrant,1895,,2021-05-11
Autruches,1896,,2021-05-11
"Nîmes, sortie de l'église",1896,,2021-05-11
Scieurs de bois,1896,,2021-05-11
Scene from the Coronation of the Czar of Russia,1896,,2021-05-11
"Munich, Maximilianeum",1896,,2021-05-11
"Schaffouse, Chûtes du Rhin vues de loin",1896,,2021-05-11
Bocal aux poissons-rouges,1895,,2021-05-11
Le déjeuner du chat,1895,,2021-05-11
Les forgerons,1895,,2021-05-11
Départ en voiture,1895,,2021-05-11
"Lyon, place Bellecour",1895,,2021-05-11
Partie de tric-trac,1895,,2021-05-11
Récréation à la Martinière,1895,,2021-05-11
L'arroseur arrosé,1895,,2021-05-11
Out of Order,1916,7,2021-05-11
The Burning Stable,1896,,2021-05-11
Panorama du Grand Canal vu d'un bateau,1896,,2021-05-11
On Westminster Bridge,1896,,2021-05-11
Mounted Police Charge,1896,,2021-05-11
"Two AM; or, The Husband's Return",1896,                     ,
Rough Sea at Dover,1895,                     ,
"Robetta and Doretto, No. 1",1895,                     ,
Andalusian Dance,1896,,2021-05-11
The Derby,1896,,2021-05-11
Photographe,1895,,2021-05-11
Serpentine Dance by Annabelle,1896,,2021-05-11
Princess Ali,1895,,2021-05-11
Le saut à la couverture,1895,,2021-05-11
Neuville-sur-Saône: Débarquement du congrès des photographes à Lyon,1895,,2021-05-11
Place des Cordeliers à Lyon,1895,,2021-05-11
Baignade en mer,1897,,2021-05-11
The Execution of Mary Stuart,1895,,2021-05-11
Repas de bébé,1895,,2021-05-11
La Sortie de l'Usine Lumière à Lyon - 120 ans plus tard,2015,,2021-05-11
La sortie des usines Lumière,1895,,2021-05-11
Barque sortant du port,1895,,2021-05-11
Das Boxende Känguruh,1895,,2021-05-11
The Gay Brothers,1895,,2021-05-11
Le squelette joyeux,1897,,2021-05-11
La pêche aux poissons rouges,1895,,2021-05-11
The Arrest of a Pickpocket,1895,,2021-05-11
Chinese Laundry Scene,1895,,2021-05-11
Billy Edwards and the Unknown,1895,,2021-05-11
The Pickaninnies,1894,                     ,
Leonard-Cushing Fight,1894,                     ,
"Cock Fight, No. 2",1894,                     ,
Annabelle Sun Dance,1894,                     ,
Edison Kinetoscopic Record of a Sneeze,1894,,2021-05-11
Dickson Experimental Sound Film,1894,,2021-05-11
Annie Oakley,1894,,2021-05-11
Sioux Ghost Dance,1894,,2021-05-11
Fire Rescue Scene,1894,,2021-05-11
Band Drill,1894,,2021-05-11
Imperial Japanese Dance,1894,,2021-05-11
Hadj Cheriff,1894,,2021-05-11
Buffalo Dance,1894,,2021-05-11
Sandow,1894,,2021-05-11
Athlete with Wand,1894,,2021-05-11
Annabelle Butterfly Dance,1894,,2021-05-11
The Barbershop,1894,,2021-05-11
"Luis Martinetti, Contortionist",1894,,2021-05-11
Falling Cat,1894,,2021-05-11
The Boxing Cats (Prof. Welton's),1894,,2021-05-11
Corbett and Courtney Before the Kinetograph,1894,,2021-05-11
Carmencita,1894,,2021-05-11
Caicedo (with Pole),1894,,2021-05-11
"Glenroy Bros., No. 2",1894,,2021-05-11
The Hornbacker-Murphy Fight,1894,,2021-05-11
Blacksmith Scene,1893,,2021-05-11
Bucking Broncho,1894,                     ,
Bicycliste,1896,                     ,
Newark Athlete,1891,                     ,
La vague,1891,,2021-05-11
Fencing,1892,,2021-05-11
A Hand Shake,1892,,2021-05-11
Dickson Greeting,1891,,2021-05-11
Men Boxing,1891,,2021-05-11
Dekalog IX,1988,9,2021-05-10
Baignade en mer,1895,,2021-05-10
"Monkeyshines, No. 2",1890,,2021-05-10
"Monkeyshines, No. 1",1890,,2021-05-10
London's Trafalgar Square,1890,,2021-05-10
Chapeaux à transformations,1895,,2021-05-10
La voltige,1895,,2021-05-10
La charcuterie mécanique,1895,9,2021-05-10
Le Prince de Galles,1892,,2021-05-10
L'Arrivée d'un train a la Ciotat,1895,,2021-05-10
Sennen Joyū,2001,7,2021-05-09
Dekalog VIII,1988,10,2021-05-09
Sound of Metal,2019,7,2021-05-09
Ivanovo detstvo,1962,6,2021-05-08
Dekalog VII,1988,9,2021-05-08
Siedem kobiet w różnym wieku,1978,8,2021-05-08
Szpital,1977,9,2021-05-08
Gospodarze,1972,                     ,
Robotnicy 1971 - Nic o nas bez nas,1971,             9        ,
Refren,1972,             9        ,
Murarz,1973,8,2021-05-07
Zdjęcie,1968,10,2021-05-07
Byłem żołnierzem,1970,8,2021-05-06
Nostalghia,1983,8,2021-05-06
Dworzec,1980,8,2021-05-06
Klaps,1976,6,2021-05-06
Prześwietlenie,1974,7,2021-05-06
Między Wrocławiem a Zieloną Górą,1972,6,2021-05-06
Przed rajdem,1971,6,2021-05-06
Fabryka,1970,7,2021-05-06
Koncert życzeń,1967,6,2021-05-06
Z miasta Łodzi,1969,7,2021-05-06
Tramwaj,1966,7,2021-05-05
Urząd,1966,9,2021-05-05
Krótki film o miłości,1988,9,2021-05-05
Krótki film o zabijaniu,1987,10,2021-05-05
Dekalog VI,1988,8,2021-05-05
The King of Staten Island,2020,9,2021-05-05
Dekalog V,1988,10,2021-05-03
Monsters University,2013,6,2021-05-03
The Father,2020,7,2021-05-03
Dekalog IV,1988,9,2021-05-02
The Invention of Lying,2009,             7        ,
A Bronx Tale,1993,             9        ,
What's Eating Gilbert Grape,1993,             8        ,
Dekalog III,1988,9,2021-04-28
Dekalog II,1988,7,2021-04-27
Dekalog I,1988,8,2021-04-26
Solyaris,1972,8,2021-04-26
Tora no o wo fumu otokotachi,1945,8,2021-04-26
Fantascope tylostoma,2006,7,2021-04-25
The Turning Point,2020,8,2021-04-25
Cowboy Bebop PV: Don't Bother None,2012,6,2021-04-25
The King of Comedy,1982,9,2021-04-16
Nobody,2021,7,2021-04-15
Our Wonderful Nature,2008,6,2021-04-15
Canada Vignettes: Log Driver's Waltz,1979,7,2021-04-15
The Cat Came Back,1988,6,2021-04-15
The Wrong Rock,2018,8,2021-04-15
Godzilla vs. Kong,2021,4,2021-04-14
Macross Plus Movie Edition,1995,8,2021-04-11
Abominable,2019,7,2021-04-04
Dimanche,2011,7,2021-04-04
Hinterland,2010,8,2021-04-04
Dji. Death Sails,2014,7,2021-04-04
Camino de agua para un pez,2016,7,2021-04-04
Le Renard et l'Oisille,2019,8,2021-04-04
Flipped,2018,             7        ,
My Happy End,2007,             7        ,
Umimachi Diary,2015,             7        ,
Apollo,2010,5,2021-04-04
Coraline,2009,7,2021-04-03
Offret Sacrificatio,1986,9,2021-04-03
Mary and Max,2009,9,2021-04-02
Waga Seishun ni Kuinashi,1946,7,2021-04-02
Ikiru,1952,10,2021-03-31
The Secret of Kells,2009,7,2021-03-31
Zack Snyder's Justice League,2021,7,2021-03-27
Wolfwalkers,2020,8,2021-03-25
Short Peace,2013,7,2021-03-22
Seppuku,1962,9,2021-03-22
Le Tableau,2011,6,2021-03-21
Life in a Day 2020,2021,8,2021-03-21
Tenshi no tamago,1985,8,2021-03-20
1001 Nights,1998,6,2021-03-20
Carne,1991,7,2021-03-20
The Quiet Earth,1985,7,2021-03-20
Tout en Haut du Monde,2015,7,2021-03-18
Yume,1990,9,2021-03-17
The Prophet,2014,8,2021-03-17
Rejected,2000,8,2021-03-17
Tori no Uta,2007,8,2021-03-16
Mezame no Hakobune,2005,             6        ,
"Psiconautas, los niños olvidados",2015,             8        ,
Andrey Rublyov,1966,             9        ,
Fantasia/2000,1999,7,2021-03-14
Wonderful Days,2003,7,2021-03-13
My Best Friend's Birthday,1987,8,2021-03-13
Le Gros et le maigre,1961,6,2021-03-13
Xenogenesis,1978,5,2021-03-13
Zerkalo,1975,9,2021-03-13
Nocturna,2007,5,2021-03-13
Amblin',1968,6,2021-03-12
Fortune Cookie,1991,5,2021-03-11
Stalker,1979,8,2021-03-11
Kôkaku Kidôtai,2015,6,2021-03-10
Innocence,2004,6,2021-03-09
Protozoa,1993,7,2021-03-08
Gondora,1997,5,2021-03-08
Suchîmubôi,2004,7,2021-03-08
Ernest et Célestine,2012,10,2021-03-05
Raya and the Last Dragon,2021,7,2021-03-05
Une vie de chat,2010,7,2021-03-04
Ghost Busters,1984,8,2021-03-04
Serenity,2005,8,2021-03-03
Dilili à Paris,2018,5,2021-03-02
The Farewell,2019,7,2021-02-22
Requiem for a Dream,2000,             7        ,
Hotel Chevalier,2007,             8        ,
No Time,1994,             5        ,
Bottle Rocket,1994,7,2021-02-21
Pi,1998,8,2021-02-20
La Dolce Vita,1960,9,2021-02-20
8 1/2,1963,7,2021-02-19
Castello Cavalcanti,2013,7,2021-02-14
Cousin Ben Troop Screening with Jason Schwartzman,2012,6,2021-02-14
Moonrise Kingdom: Animated Book Short,2012,5,2021-02-14
Yesterday,2019,8,2021-02-12
Un Homme qui dort,1974,6,2021-02-09
Fantastic Mr. Fox,2009,8,2021-02-08
Knives Out,2019,6,2021-02-07
Batman: Mask of the Phantasm,1993,5,2021-01-29
Struggle: The Life and Lost Art of Szukalski,2018,9,2021-01-28
"Ruben Brandt, a gyűjtő",2018,3,2021-01-28
Violet Evergarden Gaiden: Eien to Jidō Shuki Ningyō,2019,5,2021-01-26
Sala samobójców. Hejter,2020,8,2021-01-26
"El Pepe, una vida suprema",2018,4,2021-01-26
Uncut Gems,2019,9,2021-01-25
Crackerjack,2002,8,2021-01-24
Carmen Sandiego: To Steal or Not to Steal,2020,5,2021-01-24
Klaus,2019,8,2021-01-24
Pan-do-ra,2016,6,2021-01-22
Okja,2017,             8        ,
Gi-eok-ui bam,2017,             3        ,
Violet Evergarden: Kitto "Ai" o Shiru Hi ga Kuru no Darō,2018,             6        ,
Marriage Story,2019,5,2021-01-22
Duck Amuck,1953,9,2021-01-21
Roma,2018,9,2021-01-21
The Two Popes,2019,7,2021-01-21
Training Day,2001,7,2021-01-20
Yang Guang Pu Zhao,2019,5,2021-01-20
Blinky Bill the Movie,2015,6,2021-01-19
West Beyrouth,1998,9,2021-01-19
The Ballad of Buster Scruggs,2018,4,2021-01-18
The Bugs Bunny / Road-Runner Movie,1979,9,2021-01-17
Interview with the Vampire: The Vampire Chronicles,1994,8,2021-01-17
The Minimalists: Less Is Now,2021,6,2021-01-16
Minimalism: A Documentary About the Important Things,2015,6,2021-01-16
Magnolia,1999,7,2021-01-16
The Dead Pool,1988,6,2021-01-15
Fracture,2007,7,2021-01-15
România neîmblânzită,2018,8,2021-01-14
Over the Moon,2020,8,2021-01-13
Sudden Impact,1983,7,2021-01-13
Night on Earth: Shot in the Dark,2020,7,2021-01-13
Our Planet: Behind the Scenes,2019,6,2021-01-13
Death to 2020,2020,7,2021-01-12
Legend of the Guardians: The Owls of Ga'Hoole,2010,             5        ,
Escape from Alcatraz,1979,             8        ,
Kicking and Screaming,1995,             6        ,
Dirty Harry,1971,9,2021-01-10
Batman Returns,1992,7,2021-01-10
Mou gaan dou,2002,6,2021-01-09
8 Mile,2002,7,2021-01-07
Ronin,1998,6,2021-01-04
Who Am I - Kein System ist sicher,2014,8,2021-01-04
REW-FFWD,1994,8,2021-01-04
Next Floor,2008,5,2021-01-04
Rated R for Nudity,2011,2,2021-01-04
120 Seconds to Get Elected,2006,6,2021-01-04
Arrival,2016,7,2021-01-03
Prisoners,2013,7,2021-01-03
Mid90s,2018,9,2021-01-03
Chiisana Eiyū: Kani to Tamago to Tōmei Ningen,2018,5,2021-01-03
"Three Billboards Outside Ebbing, Missouri",2017,6,2021-01-02
The Highway Rat,2017,8,2021-01-02
The Gruffalo's Child,2011,7,2021-01-02
Per un pugno di dollari,1964,8,2021-01-01
The Gruffalo,2009,6,2021-01-01
Room on the Broom,2012,7,2021-01-01
The Black Ghiandola,2017,,2020-12-29
Soul,2020,10,2020-12-25
Canvas,2020,             5        ,
Cloudy with a Chance of Meatballs,2009,             5        ,
Rango,2011,             8        ,
Once Were Warriors,1994,8,2020-12-09
Lost in Translation,2003,8,2020-12-08
All Dogs Go to Heaven,1989,7,2020-12-08
Ningen no joken III,1961,7,2020-12-07
"Mune, le gardien de la lune",2014,6,2020-12-07
The Princess and the Frog,2009,9,2020-12-05
It's Such a Beautiful Day,2012,8,2020-12-04
It's Such a Beautiful Day,2011,8,2020-12-04
I Am So Proud of You,2008,8,2020-12-04
Everything Will Be Ok,2006,9,2020-12-04
Ningen no joken II,1959,8,2020-12-03
Mercury Bird,2010,9,2020-12-03
Racing Beats,2006,3,2020-12-03
No Limits,2004,5,2020-12-03
Happily Ever After,2014,8,2020-12-03
Es wird Regen geben - eine Begegnung in Patagonien,1997,8,2020-12-03
Kellerkind,2012,8,2020-12-03
Deep Dance,2014,8,2020-12-03
Loom,2010,8,2020-12-03
Lebensader,2009,9,2020-12-03
Kater,2005,8,2020-12-03
Natural Attraction,2014,9,2020-12-03
Ningen no joken I,1958,             10        ,
Oldeuboi,2003,             9        ,
Idi i smotri,1985,             10        ,
The Grand Budapest Hotel,2014,8,2020-11-30
Bab el hadid,1958,9,2020-11-30
Kubo and the Two Strings,2016,7,2020-11-30
Cafarnaúm,2018,9,2020-11-30
Hachi: A Dog's Tale,2009,8,2020-11-30
A King in New York,1957,9,2020-11-30
Monsieur Verdoux,1947,9,2020-11-29
Looney Tunes: Rabbits Run,2015,2,2020-11-28
Fate/Stay night: Heaven's Feel III. spring song,2020,7,2020-11-28
Fate/stay night: Heaven's Feel II. lost butterfly,2019,7,2020-11-28
Fate/Stay Night: Heaven's Feel I. Presage Flower,2017,8,2020-11-28
La Antena,2007,5,2020-11-27
Mank,2020,7,2020-11-26
City Lights,1931,7,2020-11-26
Spirit: Stallion of the Cimarron,2002,6,2020-11-26
Onward,2020,8,2020-11-26
Angelinho,2011,7,2020-11-26
Frog Perspective,2016,7,2020-11-26
Pianoid,2015,8,2020-11-26
A Woman of Paris: A Drama of Fate,1923,6,2020-11-26
Some Thing,2015,8,2020-11-25
The Circus,1928,8,2020-11-25
Tōkyō Monogatari,1953,             6        ,
Modern Times,1936,             7        ,
La haine,1995,             10        ,
The Nice Guys,2016,4,2020-11-24
Child,2016,10,2020-11-24
Mee,2012,9,2020-11-24
Monstersymfonie,2012,8,2020-11-24
Shine,2016,8,2020-11-24
Night Spinning,2017,7,2020-11-24
Bear Me,2012,6,2020-11-24
Das Begräbnis des Harald Kramer,2013,8,2020-11-24
Amour Fou,2015,6,2020-11-24
The Road to El Dorado,2000,6,2020-11-23
Eraserhead,1977,4,2020-11-23
The Great Dictator,1940,9,2020-11-22
Goi-mool,2006,3,2020-11-22
Sal-in-sui Choo-eok,2003,7,2020-11-22
If Anything Happens I Love You,2020,5,2020-11-20
Happy Feet Two,2011,3,2020-11-18
Peter Rabbit,2018,5,2020-11-12
C'era una volta il West,1968,9,2020-11-04
Once Upon a Time in America,1984,8,2020-11-04
The Great Gatsby,2013,5,2020-11-02
Happy Feet,2006,8,2020-11-02
Boże Ciało,2019,9,2020-11-02
Ida,2013,             5        ,
Ma-deo,2009,             5        ,
Beo-ning,2018,             9        ,
David Attenborough: A Life On Our Planet,2020,8,2020-10-28
Arjun: The Warrior Prince,2012,7,2020-10-28
Arrugas,2011,7,2020-10-26
Ginga tetsudô no yoru,1985,9,2020-10-26
Alien: Covenant - Prologue: The Crossing,2017,6,2020-10-25
Prometheus,2012,6,2020-10-25
Toaru Hikūshi e no Tsuioku,2011,6,2020-10-24
Fuse Teppō Musume no Torimonochō,2012,7,2020-10-24
Monty Python and the Holy Grail,1975,6,2020-10-21
Stalk of the Celery Monster,1979,7,2020-10-20
Vincent,1982,8,2020-10-20
Psycho-Pass,2015,6,2020-10-20
A Bridge Too Far,1977,7,2020-10-19
Paddington 2,2017,7,2020-10-18
There Will Be Blood,2007,9,2020-10-17
Strojenie instrumentów,2000,8,2020-10-17
Esperalia,1983,6,2020-10-17
Edward Psie Serce,2011,4,2020-10-17
Kto wypije więcej,1986,5,2020-10-17
Stara latarnia,1987,4,2020-10-17
Zawodowiec,2004,6,2020-10-17
Space Jam,1996,6,2020-10-17
Riddick,2013,             5        ,
Postrzyżyny,1973,             8        ,
Przygoda marynarza,1958,             6        ,
"Uchiage Hanabi, Shita kara Miru ka? Yoko kara Miru ka?",2017,7,2020-10-16
Syn Gwiazd,2006,3,2020-10-16
"Warzywniak, 360 St.",2006,7,2020-10-16
Żegnaj paro!,1974,7,2020-10-16
Wyścig,1989,5,2020-10-16
Libido,1967,7,2020-10-16
Bankiet,1976,5,2020-10-16
Lucky Day Forever,2011,8,2020-10-16
Wypadek,1971,4,2020-10-16
Kaijū no Kodomo,2019,7,2020-10-15
Mimoza,1973,7,2020-10-15
Czar kółek,1966,7,2020-10-15
Tren zbója,1967,8,2020-10-15
Szychta,1988,5,2020-10-15
Narodziny,1995,3,2020-10-15
Wiklinowy kosz,1966,6,2020-10-15
Ręka,1974,5,2020-10-15
Solo na ugorze,1981,8,2020-10-15
Nowy Janko Muzykant,1960,8,2020-10-15
Quest for Camelot,1998,9,2020-10-13
Nerwowe życie kosmosu,1986,7,2020-10-12
Kuszenie św. Antoniego,1987,6,2020-10-12
Lokomotywa,1976,             4        ,
Blok,1982,             8        ,
Kreski i kropki,1967,             8        ,
Refleksy,1979,7,2020-10-12
Wszystko jest liczbą,1966,5,2020-10-12
The Swan Princess,1994,6,2020-10-11
Paddington,2014,7,2020-10-10
Tango,1981,8,2020-10-10
Samogłoska,1981,8,2020-10-10
Birdstrike,2008,5,2020-10-10
Darkwave: Edge of the Storm,2016,3,2020-10-10
Made in Abyss: Fukaki Tamashii no Reimei,2020,8,2020-10-09
The Kid,1921,7,2020-10-07
The Gold Rush,1925,9,2020-10-07
Underworld: Evolution,2006,5,2020-10-05
Yoake Tsugeru Lu no Uta,2017,7,2020-10-04
Zaklęte rewiry,1975,7,2020-10-03
Medium,1985,4,2020-10-03
Zmiana warty,1958,5,2020-10-02
Podróż,1970,5,2020-10-02
Die Nashörner,1963,9,2020-10-02
Adam i Ewa,1983,4,2020-10-02
Underworld,2003,7,2020-10-01
Corpse Bride,2005,8,2020-10-01
9,2005,             6        ,
Sleeping Beauty,1959,             8        ,
Anastasia,1997,             6        ,
Rejs,1970,             5        ,
Westerplatte,1967,8,2020-09-29
Star Wars: Episode VI - Return of the Jedi,1983,6,2020-09-28
Ucieczka z kina "Wolność",1990,9,2020-09-28
Spirala,1978,3,2020-09-28
The Little Mermaid,1989,8,2020-09-24
Snow White and the Seven Dwarfs,1937,9,2020-09-24
The Prince of Egypt,1998,7,2020-09-23
The Nightmare Before Christmas,1993,9,2020-09-21
Urs,2009,6,2020-09-20
Dreammaker,2007,6,2020-09-20
Waka Okami wa Shōgakusei!,2018,5,2020-09-19
Terminator 3: Rise of the Machines,2003,5,2020-09-19
300 mil do nieba,1989,4,2020-09-19
Rok spokojnego słońca,1984,6,2020-09-19
Ryś,1981,5,2020-09-18
Trois couleurs: Rouge,1994,8,2020-09-18
Trzy kolory: Biały,1994,8,2020-09-18
Trzy kolory: Niebieski,1993,8,2020-09-18
Prognoza pogody,1982,9,2020-09-18
Die Hard: With a Vengeance,1995,8,2020-09-17
Die Hard 2,1990,6,2020-09-16
The Emperor's New Groove,2000,7,2020-09-16
Brave,2012,             6        ,
Die Hard,1988,             7        ,
Dumbo,1941,             7        ,
The Lighthouse,2019,7,2020-09-14
The Jungle Book,1967,8,2020-09-14
Wreck-It Ralph,2012,7,2020-09-14
Star Wars: Episode V - The Empire Strikes Back,1980,8,2020-09-14
Léon,1994,8,2020-09-13
Dancer in the Dark,2000,7,2020-09-13
Tatsumi,2011,6,2020-09-13
Kernseif,2005,6,2020-09-11
Hessi James,2002,6,2020-09-11
Das Rad,2003,9,2020-09-11
Der Besuch,2006,7,2020-09-11
366 Tage,2011,8,2020-09-11
Wallflower Tango,2011,4,2020-09-11
Citipati,2015,6,2020-09-11
DragonSlayer,2004,6,2020-09-11
The Land Before Time,1988,7,2020-09-10
Zimna wojna,2018,9,2020-09-10
Balto,1995,7,2020-09-10
Mobile,2010,8,2020-09-10
Zing,2011,8,2020-09-10
Tysiąc i jeden drobiazgów,1972,6,2020-09-10
Casino Royale,2006,7,2020-09-09
Hagane no Renkinjutsushi: Milos no Sei-Naru Hoshi,2011,             5        ,
"Jak to się dzieje, pyta Agnisia, że na ekranie widzimy misia",1970,             7        ,
Jak nauka wyszła z lasu,1970,             6        ,
Sekcja zwłok,1973,3,2020-09-09
Apel,1970,5,2020-09-08
Droga,1971,7,2020-09-08
Ptak,1968,7,2020-09-08
Syn,1970,6,2020-09-08
La tortue rouge,2016,7,2020-09-08
Labirynt,1962,7,2020-09-08
Shin Gekijō-ban Initial D Legend 2 - Tōsō,2015,7,2020-09-07
Fobia,1967,4,2020-09-07
Dla Elizy Bagatela a-moll WoO 59,1992,9,2020-09-07
Rondo Alla Turca z Sonaty A-dur KV 331,1993,8,2020-09-07
Moonbird,1959,5,2020-09-07
The Apple,1959,6,2020-09-07
Shin Gekijō-ban Initial D Legend 1 - Kakusei,2014,8,2020-09-06
Twin Peaks: Fire Walk with Me,1992,5,2020-09-06
Appleseed,1988,6,2020-09-05
Skywatch,2019,6,2020-09-05
Adumu,2009,5,2020-09-05
Ostry film zaangażowany. Non Camera,1979,5,2020-09-04
Jak działa jamniczek,1971,5,2020-09-04
Mały western,1960,8,2020-09-04
Czerwone i czarne,1963,7,2020-09-04
Klatki,1966,             6        ,
The Legend of Mor'du,2012,             6        ,
The Blue Umbrella,2013,             9        ,
Sanjay's Super Team,2015,7,2020-09-04
Riley's First Date?,2015,6,2020-09-04
Partysaurus Rex,2012,7,2020-09-04
Party Central,2014,8,2020-09-04
Miss Fritter's Racing Skoool,2017,6,2020-09-04
Finding Dory: Marine Life Interviews,2016,5,2020-09-04
Lou,2017,8,2020-09-04
Lava,2014,7,2020-09-04
Bao,2018,8,2020-09-04
Your Friend the Rat,2007,7,2020-09-02
Toy Story: Small Fry,2011,8,2020-09-02
Hawaiian Vacation,2011,6,2020-09-02
Presto,2008,8,2020-09-02
Partly Cloudy,2009,8,2020-09-02
The Pixar Shorts: A Short History,2007,8,2020-09-02
La Luna,2011,7,2020-09-02
George & A.J.,2009,5,2020-09-02
Dug's Special Mission,2009,7,2020-09-02
Schody,1968,9,2020-09-01
Czarny Kapturek,1983,7,2020-09-01
Day & Night,2010,10,2020-09-01
BURN-E,2008,             8        ,
Tin Toy,1988,             5        ,
The Adventures of André and the Wally B.,1984,             8        ,
Red's Dream,1987,             7        ,
One-Man Band,2005,7,2020-09-01
Mike's New Car,2002,6,2020-09-01
Mater and the Ghostlight,2006,6,2020-09-01
Luxo Jr.,1986,7,2020-09-01
Knick Knack,1989,6,2020-09-01
Jack-Jack Attack,2005,7,2020-09-01
Geri's Game,1997,7,2020-09-01
Boundin',2003,8,2020-09-01
Lykantropia,1981,9,2020-09-01
Zbrodnia i kara,2000,7,2020-09-01
The Short Films of David Lynch,2002,4,2020-08-31
The Cowboy and the frenchman,1989,6,2020-08-31
The Amputee,1974,6,2020-08-31
Absurd Encounter with Fear,1967,1,2020-08-31
The Grandmother,1970,2,2020-08-31
The Alphabet,1968,5,2020-08-31
Six Figures Getting Sick,1966,3,2020-08-31
Les hirondelles de Kaboul,2019,9,2020-08-31
Ban-do,2020,6,2020-08-31
Tuurngait,2011,6,2020-08-30
Francis,2013,7,2020-08-30
Alma,2009,             6        ,
Łagodna,1985,             8        ,
Borrowed Time,2015,             7        ,
Redone,2017,             7        ,
The Metamorphosis of Mr. Samsa,1977,8,2020-08-30
Franz Kafka,1991,8,2020-08-30
The Dam Keeper,2014,8,2020-08-30
Mest kinematograficheskogo operatora,1912,9,2020-08-30
Tumbleweed Tango,2013,7,2020-08-30
Lost & Found,2018,8,2020-08-30
The Lost Thing,2010,7,2020-08-30
Ściany,1987,7,2020-08-30
Canned,2014,7,2020-08-29
Garden Party,2017,8,2020-08-29
Baobab,2011,6,2020-08-29
Taking the Plunge,2015,6,2020-08-29
Sailor's Delight,2017,6,2020-08-29
Danny Boy,2010,8,2020-08-29
Piirongin piiloissa,2011,7,2020-08-29
If I was God,2015,7,2020-08-29
Big Buck Bunny,2008,5,2020-08-29
Drawn to You,2014,8,2020-08-29
Electroshock,2011,5,2020-08-29
Brain Divided,2013,7,2020-08-29
Desire,2014,7,2020-08-29
Mr. Indifferent,2018,7,2020-08-29
Dia de los Muertos,2013,             7        ,
Spellbound,2010,             5        ,
In the Fall,2011,             8        ,
Afternoon Class,2015,7,2020-08-28
The Sad Reality of Our World,2017,7,2020-08-28
Moby & the Void Pacific Choir: Are You Lost in the World Like Me,2016,7,2020-08-28
Where Are They Now?,2014,6,2020-08-28
The Walk Home,2014,6,2020-08-28
Wake Up Call,2014,6,2020-08-28
Anytime Is Ice Cream Time,2013,7,2020-08-28
Man,2012,7,2020-08-28
Happiness,2017,8,2020-08-27
Children,2011,4,2020-08-27
The Maker,2011,8,2020-08-27
Le Fauteuil,2013,6,2020-08-27
Rubato,2012,6,2020-08-27
Soar,2014,7,2020-08-27
Monsterbox,2012,5,2020-08-27
Can I Stay,2015,6,2020-08-27
Dear Alice,2018,6,2020-08-27
Bibo,2012,5,2020-08-27
Selfie Cat,2016,5,2020-08-27
Lifted,2006,8,2020-08-27
The Colors of Evil,2012,6,2020-08-27
Achoo,2017,8,2020-08-27
Catch It,2015,             7        ,
Ice pepper,2017,             6        ,
The Short Story of a Fox and a Mouse,2015,             6        ,
Sweet Cocoon,2014,5,2020-08-27
Tea Time,2015,7,2020-08-27
Alarm,2009,6,2020-08-27
Juste de l'eau,2014,9,2020-08-27
Pearl,2016,8,2020-08-26
Quay,2015,6,2020-08-26
Sonder,2018,6,2020-08-26
Kitbull,2019,7,2020-08-26
La Boîte,2017,5,2020-08-26
Purl,2018,6,2020-08-26
Age of Sail,2018,9,2020-08-26
Negative Space,2017,7,2020-08-26
Devotion,2013,7,2020-08-26
Adam and Dog,2011,7,2020-08-26
Tenet,2020,8,2020-08-26
Two Worlds,2013,5,2020-08-26
Goutte d'Or,2013,7,2020-08-25
Exode,2014,7,2020-08-25
Rituel,2014,6,2020-08-25
Animated Guide to Polish Success,2010,6,2020-08-25
Wielka ucieczka!,2006,6,2020-08-25
Oh Sheep!,2012,8,2020-08-25
Tolerantia,2008,             2        ,
Little Quentin,2010,             9        ,
Royal Madness,2019,             8        ,
Hors de l'eau,2018,9,2020-08-25
Worlds Apart,2011,8,2020-08-25
Goliath,2007,7,2020-08-25
Little Tombstone,2011,6,2020-08-25
Reaping for Dummies,2013,7,2020-08-25
The Albatross,2015,7,2020-08-25
The Gloaming,2010,9,2020-08-25
Sintel,2010,7,2020-08-25
Origami,2012,5,2020-08-25
Spring,2019,8,2020-08-25
Gus,2010,6,2020-08-25
Smash and Grab,2019,7,2020-08-25
Lekcja nieskończoności,2008,7,2020-08-24
Golden Shot,2015,7,2020-08-24
Big Boom,2018,5,2020-08-24
The Rise and Fall of Globosome,2014,8,2020-08-24
Premier Automne,2013,10,2020-08-23
Descendants,2008,6,2020-08-23
The OceanMaker,2014,7,2020-08-23
Paths of Hate,2010,8,2020-08-22
Machina Mortem,2016,6,2020-08-22
850 meters,2013,4,2020-08-22
The Chase,2012,             2        ,
Le gouffre,2014,             7        ,
Geist,2015,             7        ,
Beerbug,2012,4,2020-08-22
Chateau De Sable,2015,7,2020-08-22
Poilus,2016,5,2020-08-22
Johnny Express,2014,8,2020-08-21
Ex-E.T.,2008,7,2020-08-21
Watermelon: A Cautionary Tale,2019,7,2020-08-21
Fox Tale,2011,6,2020-08-21
Snack Attack,2012,5,2020-08-21
Scrambled,2017,8,2020-08-21
Print Your Guy,2015,5,2020-08-21
Wedding Cake,2013,7,2020-08-21
Inner Workings,2016,8,2020-08-21
Wire Cutters,2014,6,2020-08-21
The Devil's Advocate,1997,7,2020-08-20
Mécanique,2018,6,2020-08-20
Autonomous,2016,5,2020-08-20
Autonomous Soul,2002,3,2020-08-20
Planet Unknown,2016,5,2020-08-20
The Present,2014,9,2020-08-20
Abiogenesis,2011,7,2020-08-20
Ruin,2011,7,2020-08-20
"Jinxy Jenkins, Lucky Lou",2014,7,2020-08-20
Alike,2015,             7        ,
Shinseiki Evangelion Gekijōban: Shi to Shinsei,1997,             3        ,
"Shin Seiki Evangelion Gekijōban: The End of Evangelion: Air/Magokoro o, Kimi ni",1997,             6        ,
Star Wars,1977,8,2020-08-19
Kite,1998,8,2020-08-18
Extinguished,2017,6,2020-08-18
Trigun: Badlands Rumble,2010,7,2020-08-18
The Wishgranter,2016,6,2020-08-18
Hair Love,2019,6,2020-08-18
One Small Step,2018,9,2020-08-18
O Menino e o Mundo,2013,8,2020-08-18
Cargo,2017,6,2020-08-13
Psycho,1960,7,2020-08-13
Vertigo,1958,8,2020-08-13
Mulholland Dr.,2001,5,2020-08-12
T2: Trainspotting,2017,8,2020-08-12
Trainspotting,1996,8,2020-08-11
The LEGO Movie 2: The Second Part,2019,7,2020-08-11
The Iron Giant,1999,7,2020-08-08
Missing Link,2019,8,2020-08-08
Hacksaw Ridge,2016,7,2020-08-07
Green Book,2018,8,2020-08-07
Funan,2018,8,2020-08-06
Being John Malkovich,1999,8,2020-08-06
Swiss Army Man,2016,             7        ,
Good Time,2017,             7        ,
9,2009,             5        ,
Frances Ha,2012,             7        ,
Eternal Sunshine of the Spotless Mind,2004,8,2020-08-05
The Artist,2011,8,2020-08-05
The Escape,2016,8,2020-08-03
Hostage ,2002,8,2020-08-03
Beat the Devil,2002,3,2020-08-03
The Follow,2001,3,2020-08-03
Chosen,2001,5,2020-08-03
Ambush,2001,5,2020-08-03
Powder Keg,2001,6,2020-08-03
Star,2001,6,2020-08-03
Ticker,2002,3,2020-08-03
Birdman,2014,9,2020-08-03
Panic Room,2002,7,2020-08-03
Zodiac,2007,7,2020-08-03
The Curious Case of Benjamin Button,2008,8,2020-08-02
Yōjū Toshi,1987,6,2020-08-02
Isle of Dogs,2018,7,2020-08-02
Mary to Majo no Hana,2017,6,2020-08-01
The Breadwinner,2017,7,2020-07-31
Mirai no Mirai,2018,7,2020-07-31
Blade Runner: Black Out 2022,2017,9,2020-07-28
Frozen Fever,2015,6,2020-07-23
Feast,2014,             7        ,
Paperman,2012,             8        ,
Tangled Ever After,2012,             8        ,
The Little Matchgirl,2006,7,2020-07-23
Get a Horse!,2013,9,2020-07-23
Prep & Landing Stocking Stuffer: Operation: Secret Santa,2010,7,2020-07-23
Tick Tock Tale,2010,8,2020-07-23
Lorenzo,2004,8,2020-07-23
John Henry,2000,7,2020-07-23
How to Hook Up Your Home Theater,2007,8,2020-07-23
The Ballad of Nessie,2011,7,2020-07-23
Sarusuberi: Miss Hokusai,2015,8,2020-07-23
Song of the Sea,2014,9,2020-07-23
Kotonoha no Niwa,2013,6,2020-07-22
Ma Vie de Courgette,2016,8,2020-07-22
The Maze Runner,2014,7,2020-07-22
Alien: Resurrection,1997,8,2020-07-21
Dawn of the Dead,2004,3,2020-07-21
Kōkaku Kidōtai Stand Alone Complex: Solid State Society,2006,4,2020-07-19
Kōkaku Kidōtai S.A.C. Solid State Society 3D,2011,4,2020-07-19
Yoru wa Mijikashi Aruke yo Otome,2017,8,2020-07-18
Cosmos Laundromat,2015,6,2020-07-15
Silent,2014,,2020-07-15
Scott Pilgrim vs. the World,2010,8,2020-07-12
Citizen Kane,1941,9,2020-07-06
Limelight,1952,             9        ,
300,2006,             8        ,
Upgrade,2018,             7        ,
Aliens,1986,7,2020-06-26
Alien,1979,8,2020-06-26
Alien³,1992,7,2020-06-24
The Terminator,1984,7,2020-06-24
Heavy Metal,1981,8,2020-06-23
Tenkū no Shiro Laputa,1986,8,2020-06-21
Kono Sekai no Katasumi ni,2016,9,2020-06-21
Grunwald. Walka 600-lecia,2010,5,2020-06-20
Omoide no Marnie,2014,7,2020-06-20
Operacja Bazyliszek,2016,7,2020-06-20
Rain,1997,6,2020-06-20
Niezwyciężeni,2017,8,2020-06-20
Animowana historia Polski,2010,8,2020-06-20
Smok,2015,8,2020-06-20
Jaga,2016,8,2020-06-20
Twardowsky,2015,8,2020-06-20
Twardowsky 2.0,2016,8,2020-06-20
Gedo senki,2006,6,2020-06-19
Waterworld,1995,5,2020-06-19
Mimi wo Sumaseba,1995,7,2020-06-17
Kaze tachinu,2013,8,2020-06-17
Lupin III: Cagliostro no Shiro,1979,8,2020-06-15
Omohide Poro Poro,1991,             6        ,
Kinematograf,2009,             6        ,
Heisei tanuki gassen pompoko,1994,             9        ,
Kokuriko-zaka Kara,2011,7,2020-06-12
Gake no ue no Ponyo,2008,8,2020-06-12
Hōhokekyo Tonari no Yamada-kun,1999,9,2020-06-10
Kaguyahime no monogatari,2013,9,2020-06-09
Le Petit Prince,2015,5,2020-06-09
Neko no ongaeshi,2002,9,2020-06-08
Avril et le monde truqué,2015,7,2020-06-08
Zombieland: Double Tap,2019,5,2020-06-06
The Fast and the Furious: Tokyo Drift,2006,7,2020-06-06
The Road,2009,6,2020-05-31
Children of Men,2006,8,2020-05-31
Memories,1995,9,2020-05-25
Metropolis,2001,9,2020-05-10
What Did Jack Do?,2017,,2020-05-10
28 Days Later...,2002,8,2020-05-02
La Planète sauvage,1973,7,2020-04-26
Persepolis,2007,8,2020-04-26
Midnight in Paris,2011,7,2020-04-26
World of Tomorrow,2015,7,2020-04-25
Karigurashi no Arrietty,2010,8,2020-04-25
Majo no Takkyūbin,1989,7,2020-04-25
End of Watch,2012,7,2020-04-24
Boo-san-haeng,2016,             7        ,
Shaun of the Dead,2004,             7        ,
Fantasia,1940,             10        ,
Umi ga kikoeru,1993,6,2020-04-18
Redline,2009,9,2020-04-13
Mutafukaz,2017,8,2020-04-11
Piper,2016,8,2020-03-25
Ralph Breaks the Internet,2018,8,2020-03-19
Fanatyk,2017,8,2020-02-22
Kurenai no buta,1992,9,2020-02-10
Robot Carnival,1987,8,2020-02-03
Kanashimi no Beradona,1973,10,2020-02-02
Felidae,1994,8,2020-02-02
The Plague Dogs,1982,8,2020-02-02
Watership Down,1978,8,2020-02-02
1917,2019,7,2020-02-01
Genius Party,2007,7,2020-01-01
Star Wars: The Rise of Skywalker,2019,,2019-12-23
The Irishman,2019,9,2019-11-07
El Camino: A Breaking Bad Movie,2019,7,2019-10-11
Her,2013,7,2019-10-07
Joker,2019,8,2019-10-06
The Great Hack,2019,8,2019-09-26
Baby Driver,2017,7,2019-09-22
Aquaman,2018,8,2019-09-11
Anima,2019,                     ,
Tenki no Ko,2019,             6        ,
The Animatrix,2003,             8        ,
Gi-saeng-chung,2019,8,2019-08-28
Once Upon a Time ... in Hollywood,2019,8,2019-08-27
Blade Runner,1982,9,2019-08-26
Spider-Man: Into the Spider-Verse,2018,9,2019-08-22
Toy Story 4,2019,7,2019-08-18
The Lego Movie,2014,8,2019-08-14
Kick-Ass 2,2013,6,2019-08-02
Vals im Bashir,2008,8,2019-07-28
The Lion King,2019,7,2019-07-22
Alita: Battle Angel,2019,,2019-07-19
Hideaway,1995,1,2019-07-06
John Wick: Chapter 3 - Parabellum,2019,8,2019-06-07
Hardcore,2015,8,2019-05-26
Jiang Hu Er Nu,2018,9,2019-05-16
Avengers: Endgame,2019,7,2019-04-27
Dark Money,2018,8,2019-02-26
The Lion King,1994,9,2019-01-24
Ready Player One,2018,6,2019-01-24
Black Mirror: Bandersnatch,2018,7,2018-12-30
Incredibles 2,2018,8,2018-11-26
Ant-Man and the Wasp,2018,4,2018-11-20
Another Day of Life,2018,             8        ,
Cargo,2013,             8        ,
Mission: Impossible - Fallout,2018,             8        ,
Deadpool 2,2018,             8        ,
Avengers: Infinity War,2018,8,2018-05-03
Ōkami Kodomo no Ame to Yuki,2012,8,2018-04-25
"Kumo no Mukō, Yakusoku no Basho",2004,7,2018-04-02
Hotarubi no Mori e,2011,8,2018-04-01
Toki o Kakeru Shōjo,2006,7,2018-04-01
Koe no Katachi,2016,8,2018-03-26
Kaze no Tani no Nausicaä,1984,8,2018-03-25
Byōsoku 5 Centimeter,2007,6,2018-03-22
Tonari no Totoro,1988,6,2018-03-21
Mononoke-hime,1997,8,2018-03-21
Gangs of New York,2002,6,2018-02-27
Per qualche dollaro in più,1965,8,2018-02-25
Cidade de Deus,2002,9,2018-02-24
Black Panther,2018,5,2018-02-16
Lady Bird,2017,8,2018-02-15
The Untouchables,1987,6,2018-02-01
Argo,2012,7,2018-02-01
"Hail, Caesar!",2016,6,2018-01-30
The Wolf of Wall Street,2013,8,2018-01-28
Whiplash,2014,8,2018-01-15
The Revenant,2015,9,2018-01-15
Donnie Brasco,1997,             7        ,
Sicario,2015,             7        ,
Bright,2017,             8        ,
Moonlight,2016,             5        ,
Breakfast at Tiffany's,1961,8,2017-12-25
The Italian Job,2003,6,2017-12-25
The Lobster,2015,7,2017-12-25
Kick-Ass,2010,6,2017-12-20
Dunkirk,2017,7,2017-12-18
Star Wars: The Last Jedi,2017,5,2017-12-17
Coco,2017,9,2017-12-14
Loving Vincent,2017,9,2017-12-13
Drive,2011,7,2017-11-04
Thor: Ragnarok,2017,5,2017-11-04
Blade Runner 2049,2017,9,2017-10-11
The Expendables 3,2014,6,2017-09-21
Annie Hall,1977,9,2017-09-16
Catch Me If You Can,2002,8,2017-09-15
2001: A Space Odyssey,1968,10,2017-09-14
Dr. Strangelove or: How I Learned to Stop Worrying and Love the Bomb,1964,8,2017-09-13
Guardians of the Galaxy Vol. 2,2017,7,2017-08-11
Suicide Squad,2016,5,2017-08-09
John Wick: Chapter 2,2017,8,2017-08-09
Elysium,2013,3,2017-08-09
Up,2009,7,2017-08-09
1920 Bitwa Warszawska,2011,                     ,
Stranger Than Paradise,1984,             8        ,
Schwarzfahrer,1993,             7        ,
Síðasti bærinn,2004,             8        ,
Ghost in the Shell,2017,6,2017-04-01
Star Wars: Episode VII - The Force Awakens,2015,,2017-03-10
Logan,2017,4,2017-03-02
Kimi no Na wa.,2016,9,2017-03-02
Hotaru no Haka,1988,8,2017-02-23
La La Land,2016,6,2017-02-22
Paprika,2006,7,2017-02-18
Perfect Blue,1997,7,2017-02-17
Cowboy Bebop: Tengoku no Tobira,2001,8,2017-02-15
Sen to Chihiro no Kamikakushi,2001,5,2017-02-13
Manie-Manie: Meikyū Monogatari,1987,10,2017-01-22
The Shining,1980,10,2017-01-18
Tsumiki no ie,2008,7,2017-01-16
WALL·E,2008,8,2017-01-10
Big Hero 6,2014,7,2017-01-08
Kung Fu Panda,2008,7,2017-01-08
How to Train Your Dragon,2010,7,2017-01-08
Rogue One: A Star Wars Story,2016,7,2016-12-22
Kōkaku Kidōtai,1995,8,2016-12-12
Akira,1988,6,2016-12-10
Gadające głowy,1980,,2016-11-24
Before the Flood,2016,             9        ,
Sin City: A Dame to Kill For,2014,             7        ,
Platoon,1986,             7        ,
Doctor Strange,2016,             7        ,
Wołyń,2016,9,2016-10-08
Pitbull. Nowe porządki,2016,3,2016-10-08
Ostatnia rodzina,2016,8,2016-10-05
Captain America: Civil War,2016,6,2016-09-10
Lucy,2014,3,2016-09-10
"Il buono, il brutto, il cattivo.",1966,8,2016-09-02
The Prestige,2006,8,2016-08-28
Schindler's List,1993,9,2016-08-27
The Hobbit: The Battle of the Five Armies,2014,7,2016-08-26
Casino,1995,9,2016-08-24
Hot Fuzz,2007,6,2016-08-20
Ant-Man,2015,,2016-08-19
The Score,2001,7,2016-08-18
American History X,1998,7,2016-08-15
Ex Machina,2015,8,2016-08-10
Outlaws and Angels,2016,8,2016-08-04
Deadpool,2016,7,2016-02-12
Forrest Gump,1994,8,2016-02-01
Natural Born Killers,1994,6,2016-01-31
The Deer Hunter,1978,9,2016-01-24
The Godfather: Part III,1990,6,2016-01-23
The Godfather: Part II,1974,9,2016-01-23
The Godfather,1972,             8        ,
Jurassic World,2015,             5        ,
The Hateful Eight,2015,             7        ,
Hitman: Agent 47,2015,5,2016-01-04
Bridge of Spies,2015,7,2016-01-04
Avengers: Age of Ultron,2015,5,2016-01-04
Guardians of the Galaxy,2014,7,2015-11-18
Taxi Driver,1976,8,2015-11-05
Inside Out,2015,7,2015-11-05
Mad Max: Fury Road,2015,8,2015-11-05
Red,2010,6,2015-11-04
Interstellar,2014,7,2015-10-12
American Psycho,2000,9,2015-10-05
Men in Black 3,2012,5,2015-10-04
Sztuka spadania,2004,8,2015-09-05
Ambition,2014,7,2015-09-05
Katedra,2002,7,2015-09-05
Captain America: The Winter Soldier,2014,,2015-08-20
Terminator Genisys,2015,,2015-08-19
Mission: Impossible - Rogue Nation,2015,,2015-07-30
The Illusionist,2006,8,2015-07-19
Leviafan,2014,8,2015-07-15
Frozen,2013,7,2015-07-05
Pod Mocnym Aniołem,2014,4,2015-07-05
Kung Fury,2015,             8        ,
28 Weeks Later,2007,             4        ,
Hauru no ugoku shiro,2004,             8        ,
Logorama,2009,             8        ,
3 Idiots,2009,8,2015-03-15
The Little Death,2014,5,2015-03-01
Nightcrawler,2014,6,2015-02-19
"I'm You, Dickhead",2014,8,2015-02-10
Bronson,2008,9,2015-02-07
Jackie Brown,1997,7,2015-02-05
From Dusk Till Dawn,1996,7,2015-02-05
Kill Bill: Vol. 2,2004,7,2015-02-04
Kill Bill: Vol. 1,2003,7,2015-02-04
American Beauty,1999,7,2015-02-04
Jagten,2012,8,2015-02-03
Sherlock Holmes: A Game of Shadows,2011,8,2015-02-03
Vice,2015,5,2015-01-30
Goodfellas,1990,9,2015-01-20
Men in Black II,2002,6,2015-01-20
Men in Black,1997,7,2015-01-19
The Pianist,2002,9,2015-01-19
Eyes Wide Shut,1999,9,2015-01-19
A Beautiful Mind,2001,9,2015-01-18
One Flew Over the Cuckoo's Nest,1975,8,2015-01-17
The Matrix,1999,,2015-01-17
A Clockwork Orange,1971,             10        ,
Primal Fear,1996,             8        ,
Lost Highway,1997,             7        ,
How to Train Your Dragon 2,2014,             5        ,
Con Air,1997,7,2014-11-08
Hair,1979,9,2014-10-31
John Wick,2014,7,2014-10-30
The Game,1997,7,2014-10-12
Heat,1995,9,2014-10-11
The 40 Year-Old Virgin,2005,6,2014-10-11
Gone Girl,2014,6,2014-10-10
Machete,2010,6,2014-10-09
Sin City,2005,7,2014-10-08
The Big Lebowski,1998,5,2014-10-08
AVPR: Aliens vs Predator - Requiem,2007,6,2014-10-08
Mad Max Beyond Thunderdome,1985,4,2014-10-07
Mad Max 2,1981,8,2014-10-07
Mad Max,1979,7,2014-10-07
Need for Speed,2014,7,2014-10-05
No Country for Old Men,2007,10,2014-10-04
L.A. Confidential,1997,8,2014-10-03
The Terminal,2004,8,2014-10-03
The Expendables,2010,7,2014-09-17
Der Untergang,2004,8,2014-09-17
Angry Video Game Nerd: The Movie,2014,,2014-08-26
K-PAX,2001,                     ,
The Usual Suspects,1995,             8        ,
Memento,2000,             6        ,
12 Angry Men,1957,             10        ,
Godzilla,2014,6,2014-05-18
Red Dragon,2002,10,2014-05-08
Hannibal,2001,6,2014-05-01
The Silence of the Lambs,1991,9,2014-04-25
"Karol, który został świętym",2014,,2014-04-17
Flight,2012,7,2014-03-30
Gravity,2013,6,2014-03-10
The Hobbit: The Desolation of Smaug,2013,7,2014-01-19
The Hunger Games,2012,7,2013-12-22
Reservoir Dogs,1992,8,2013-11-26
The Hangover Part II,2011,7,2013-11-26
Indie Game: The Movie,2012,8,2013-11-25
Shutter Island,2010,8,2013-11-24
Clerks II,2006,7,2013-11-19
Clerks.,1994,8,2013-11-15
The Dictator,2012,6,2013-11-15
The Lord of the Rings: The Return of the King,2003,9,2013-09-28
The Lord of the Rings: The Two Towers,2002,9,2013-09-28
The Lord of the Rings: The Fellowship of the Ring,2001,8,2013-09-28
The Straight Story,1999,,2013-08-19
Mój rower,2012,4,2013-07-25
The Island,2005,6,2013-07-25
Madagascar 3: Europe's Most Wanted,2012,                     ,
Pacific Rim,2013,             7        ,
World War Z,2013,             6        ,
Gran Torino,2008,7,2013-06-06
Django Unchained,2012,8,2013-01-28
Les Misérables,2012,8,2013-01-27
The Hobbit: An Unexpected Journey,2012,8,2012-12-27
Lawa. Opowieść o "Dziadach" Adama Mickiewicza,1989,7,2012-11-25
Looper,2012,,2012-11-19
Transporter 3,2008,7,2012-11-18
Transporter 2,2005,7,2012-11-18
Skyfall,2012,7,2012-11-10
The Expendables 2,2012,8,2012-08-29
Tooth Fairy,2010,,2012-08-11
The Incredibles,2004,,2012-08-11
The Dark Knight Rises,2012,6,2012-07-27
Step Up 2: The Streets,2008,,2012-07-26
Johnny English Reborn,2011,6,2012-07-26
The Strangers,2008,4,2012-07-26
American Pie 2,2001,6,2012-07-14
Intouchables,2011,8,2012-07-14
Scarface,1983,9,2012-07-05
Thor,2011,4,2012-07-03
Vinci,2004,9,2012-07-03
Fear and Loathing in Las Vegas,1998,10,2012-07-01
Kung Fu Panda 2,2011,                     ,
Jumper,2008,             6        ,
Death Race 2,2010,             4        ,
Death Race,2008,8,2012-06-15
Dobrý voják Švejk,1956,8,2012-06-15
The Skulls,2000,8,2012-06-15
Eagle Eye,2008,6,2012-06-11
Tenacious D in The Pick of Destiny,2006,8,2012-05-18
The Avengers,2012,7,2012-05-13
Captain America: The First Avenger,2011,5,2012-05-08
Transformers: Dark of the Moon,2011,6,2012-05-02
Transformers: Revenge of the Fallen,2009,8,2012-04-29
Transformers,2007,6,2012-04-29
TT3D: Closer to the Edge,2011,8,2012-04-22
Fight Club,1999,10,2012-04-07
Garfield,2004,7,2012-04-06
The Shawshank Redemption,1994,9,2012-03-31
Zombieland,2009,6,2012-03-20
Man on Fire,2004,7,2012-03-20
Lethal Weapon,1987,,2012-02-21
The Social Network,2010,7,2012-02-21
Batman Begins,2005,7,2012-02-14
Iron Man 2,2010,6,2012-02-13
Se7en,1995,9,2012-02-12
Miami Vice,2006,5,2012-02-12
Apocalypse Now,1979,             9        ,
The Negotiator,1998,             7        ,
Fargo,1996,             8        ,
Equilibrium,2002,9,2012-02-10
Inception,2010,9,2012-02-10
Little Nicky,2000,7,2012-02-10
The King's Speech,2010,9,2012-02-10
Cast Away,2000,8,2012-02-10
Sherlock Holmes,2009,7,2012-02-10
"Karol, un uomo diventato papa",2005,,2012-02-10
Rocky,1976,,2012-02-10
The Departed,2006,9,2012-02-10
Znachor,1981,,2012-02-10
Jumanji,1995,,2012-02-10
The Thin Red Line,1998,,2012-02-10
Around the World in Eighty Days,1956,,2012-02-10
Tropic Thunder,2008,,2012-02-10
Pearl Harbor,2001,9,2012-02-10
Full Metal Jacket,1987,7,2012-02-10
Enemy at the Gates,2001,,2012-02-10
The Hurt Locker,2008,8,2012-02-10
Ocean's Eleven,2001,,2012-02-10
Black Hawk Down,2001,9,2012-02-10
The Last Samurai,2003,,2012-02-10
Gladiator,2000,             8        ,
Troy,2004,             8        ,
Kiler,1997,                     ,
Astérix & Obélix: Mission Cléopâtre,2002,                     ,
Harry Potter and the Goblet of Fire,2005,,2012-02-10
Harry Potter and the Prisoner of Azkaban,2004,,2012-02-10
Madagascar,2005,8,2012-02-10
Harry Potter and the Sorcerer's Stone,2001,9,2012-02-10
Alice in Wonderland,2010,7,2012-02-10
Ratatouille,2007,9,2012-02-10
"The Chronicles of Narnia: The Lion, the Witch and the Wardrobe",2005,             8        ,
Charlie and the Chocolate Factory,2005,             8        ,
Home Alone,1990,             8        ,
Shrek,2001,             9        ,
Le fabuleux destin d'Amélie Poulain,2001,                     ,
Slumdog Millionaire,2008,             7        ,
American Pie,1999,             6        ,
Ace Ventura: Pet Detective,1994,                     ,
Yes Man,2008,             7        ,
The Hangover,2009,             8        ,
Dumb & Dumber,1994,             7        ,
The Truman Show,1998,             8        ,
Back to the Future,1985,             7        ,
The Mummy,1999,7,2012-02-10
Saving Private Ryan,1998,,2012-02-10
Public Enemies,2009,8,2012-02-10
Inglourious Basterds,2009,             9        ,
Pulp Fiction,1994,             9        ,
Desperado,1995,             8        ,
2012,2009,7,2012-02-10
Jurassic Park,1993,8,2012-02-10
Constantine,2005,9,2012-02-10
Hitman,2007,7,2012-02-10
I Am Legend,2007,7,2012-02-10
Wanted,2008,6,2012-02-10
The Transporter,2002,7,2012-02-10
Iron Man,2008,7,2012-02-10
The Fifth Element,1997,8,2012-02-10
Terminator Salvation,2009,5,2012-02-10
Rise of the Planet of the Apes,2011,,2012-02-09
The Girl with the Dragon Tattoo,2011,7,2012-02-04
Terminator 2: Judgment Day,1991,9,2012-02-04
Avatar,2009,6,2012-02-04
The Dark Knight,2008,9,2012-02-04
Mission: Impossible - Ghost Protocol,2011,,2011-12-16
Salt,2010,,2011-12-09
Taken,2008,,2011-10-24
Life in a Day,2011,,2011-07-18
Zemsta,2002,,2011-06-17
The Tourist,2010,,2011-04-20
The Book of Eli,2010,                     ,
Surrogates,2009,                     ,
Miasto ruin,2010,                     ,
Toy Story 3,2010,                     ,
Johnny English,2003,,2010-07-18
Ocean's Thirteen,2007,,2010-06-17
Wesele,1972,,2010-04-19
Pan Tadeusz,1999,,2010-04-18
Hancock,2008,,2010-04-12
Ocean's Twelve,2004,,2009-11-18
Mr. Bean's Holiday,2007,,2009-10-24
Quantum of Solace,2008,7,2008-11-26
Madagascar: Escape 2 Africa,2008,,2008-11-19
Back to the Future Part III,1990,,2008-10-24
The Chronicles of Riddick,2004,,2008-09-16
The Matrix Revolutions,2003,,2008-08-20
Around the World in 80 Days,2004,,2008-06-16
Beverly Hills Cop,1984,,2008-02-17
Mr. & Mrs. Smith,2005,,2007-11-25
Mission: Impossible II,2000,,2007-10-30
Commando,1985,,2007-08-18
Eraser,1996,,2007-08-17
Harry Potter and the Order of the Phoenix,2007,,2007-07-25
Pirates of the Caribbean: At World's End,2007,,2007-07-19
Shrek the Third,2007,,2007-06-25
Surf's Up,2007,,2007-06-18
Jaws 2,1978,                     ,
Naked Gun 33 1/3: The Final Insult,1994,                     ,
Kiwi!,2006,             10        ,
The Matrix Reloaded,2003,,2007-05-16
Back to the Future Part II,1989,,2007-05-16
The Lost World: Jurassic Park,1997,,2007-05-09
TMNT,2007,,2007-04-24
Bean,1997,,2007-04-20
The 6th Day,2000,,2007-03-18
Rambo: First Blood Part II,1985,,2007-03-05
Chłopaki nie płaczą,2000,,2007-02-10
Trapped,2002,,2007-02-03
Total Recall,1990,,2007-01-17
Collateral,2004,,2006-12-30
Groundhog Day,1993,,2006-11-27
National Treasure,2004,,2006-11-26
The Siege,1998,,2006-10-31
Flushed Away,2006,,2006-10-30
True Lies,1994,,2006-10-24
The Fan,1996,,2006-09-23
The Passion of the Christ,2004,,2006-09-23
"The Karate Kid, Part III",1989,,2006-08-26
The Hurricane,1999,,2006-08-21
Ransom,1996,,2006-08-21
Finding Neverland,2004,                     ,
The Day After Tomorrow,2004,                     ,
Rush Hour,1998,                     ,
The Aviator,2004,                     ,
War of the Worlds,2005,,2006-07-20
The Firm,1993,,2006-07-19
Jingle All the Way,1996,,2006-07-19
Pirates of the Caribbean: Dead Man's Chest,2006,,2006-07-19
Minority Report,2002,,2006-07-19
Billy Elliot,2000,,2006-07-16
Predator,1987,,2006-06-25
The Naked Gun: From the Files of Police Squad!,1988,,2006-06-25
Jaws,1975,,2006-06-25
Ice Age 2: The Meltdown,2006,,2006-06-24
Behind Enemy Lines,2001,,2006-06-18
The Running Man,1987,,2006-06-17
Mickey's Christmas Carol,1983,,2006-06-17
Over the Hedge,2006,,2006-05-18
Collateral Damage,2002,,2006-05-15
As Good as It Gets,1997,,2006-05-08
Meet the Parents,2000,,2006-05-02
Escape from New York,1981,,2006-04-12
Poranek kojota,2001,,2006-04-11
The Postman,1997,,2006-04-04
Jackass: The Movie,2002,,2006-03-05
Lara Croft: Tomb Raider,2001,,2006-02-11
The Last Boy Scout,1991,                     ,
Akademia pana Kleksa,1983,                     ,
Bad Boys II,2003,                     ,
Coming to America,1988,,2005-11-25
Bicentennial Man,1999,,2005-11-19
Chicken Little,2005,,2005-11-17
Taxi,1998,,2005-10-31
Double Jeopardy,1999,,2005-10-30
Robin Hood,1973,,2005-10-19
Romeo Must Die,2000,,2005-10-18
Clear and Present Danger,1994,,2005-10-11
Gone in Sixty Seconds,2000,,2005-09-29
Payback,1999,,2005-09-23
Air Force One,1997,,2005-08-20
Showtime,2002,,2005-08-20
Jing cha gu shi IV: Jian dan ren wu,1996,,2005-08-20
Patriot Games,1992,,2005-08-08
W pustyni i w puszczy,2001,,2005-07-26
S.W.A.T.,2003,,2005-07-26
First Blood,1982,,2005-07-25
Astérix et Cléopâtre,1968,,2005-07-23
The Fugitive,1993,,2005-07-19
The Sum of All Fears,2002,,2005-07-19
Rambo III,1988,,2005-07-19
The Naked Gun 2½: The Smell of Fear,1991,                     ,
Once Upon a Time in Mexico,2003,                     ,
Red Heat,1988,                     ,
Lethal Weapon 4,1998,                     ,
The Patriot,2000,,2005-07-18
Bruce Almighty,2003,,2005-07-18
Kindergarten Cop,1990,,2005-07-18
Planet of the Apes,2001,,2005-07-18
Mary Poppins,1964,,2005-07-16
Angels & Demons,2009,,2005-06-27
Stop! Or My Mom Will Shoot,1992,,2005-06-17
"The Karate Kid, Part II",1986,,2005-06-17
Astérix et Obélix contre César,1999,,2005-06-17
The Life of David Gale,2003,,2005-06-17
Tango & Cash,1989,,2005-06-17
Speed 2: Cruise Control,1997,,2005-05-29
Lethal Weapon 3,1992,,2005-05-19
The Mask of Zorro,1998,,2005-05-15
Free Willy,1993,,2005-05-12
Junior,1994,,2005-04-19
Mission: Impossible,1996,,2005-04-05
Analyze This,1999,,2005-04-03
Analyze That,2002,,2005-03-19
Artificial Intelligence: AI,2001,,2005-03-18
Bad Boys,1995,,2005-03-11
The Mummy Returns,2001,,2005-02-26
Police Academy 5: Assignment: Miami Beach,1988,                     ,
Scooby-Doo,2002,                     ,
Wild Wild West,1999,                     ,
Last Action Hero,1993,,2004-11-26
Les douze travaux d'Astérix,1976,,2004-11-25
Rush Hour 2,2001,,2004-11-24
Insomnia,2002,,2004-11-21
Shark Tale,2004,7,2004-11-19
Outbreak,1995,,2004-11-17
Enemy of the State,1998,,2004-10-31
The General's Daughter,1999,,2004-10-29
John Q,2002,,2004-10-25
Copycat,1995,,2004-10-24
xXx,2002,,2004-10-24
Shrek 2,2004,,2004-10-10
Dances with Wolves,1990,,2004-09-30
Red Planet,2000,,2004-09-02
Lethal Weapon 2,1989,,2004-07-30
Looney Tunes: Back in Action,2003,6,2004-07-24
Spider-Man 2,2004,,2004-07-20
Beverly Hills Cop II,1987,,2004-06-25
Pirates of the Caribbean: The Curse of the Black Pearl,2003,,2004-06-25
The Scorpion King,2002,,2004-06-17
Daylight,1996,,2004-06-17
Police Academy 4: Citizens on Patrol,1987,,2004-06-17
The Sixth Sense,1999,                     ,
The Mask,1994,                     ,
Speed,1994,                     ,
Falling Down,1993,,2004-06-02
The Blues Brothers,1980,,2004-05-30
Beverly Hills Cop III,1994,,2004-05-16
Indiana Jones and the Last Crusade,1989,,2004-05-16
Forever Young,1992,,2004-05-09
Stuart Little,1999,,2004-04-29
Raiders of the Lost Ark,1981,,2004-04-18
Yat Goh Hiu Yan,1997,,2004-04-12
Entrapment,1999,,2004-03-19
Another 48 Hrs.,1990,,2004-03-05
Executive Decision,1996,,2004-02-10
Police Academy 3: Back in Training,1986,,2004-02-10
Under Siege,1992,,2004-02-07
Nutty Professor II: The Klumps,2000,,2004-02-03
The Karate Kid,1984,,2004-01-25
Kiler-ów 2-óch,1999,,2003-12-09
Phone Booth,2002,,2003-12-02
Pretty Woman,1990,,2003-11-27
Flubber,1997,,2003-11-26
Popeye,1980,,2003-11-26
Doctor Dolittle,1998,,2003-11-26
Home Alone 2: Lost in New York,1992,                     ,
Above the Law,1988,                     ,
48 Hrs.,1982,                     ,
Police Academy 2: Their First Assignment,1985,                     ,
Metro,1997,,2003-08-27
Spy Kids 3-D: Game Over,2003,,2003-07-25
Cliffhanger,1993,,2003-07-18
For the Birds,2000,8,2003-06-26
Hercules,1997,,2003-06-19
Finding Nemo,2003,,2003-06-18
Batman Forever,1995,,2003-06-17
Spider-Man,2002,,2003-06-16
Babe,1995,,2003-06-10
Yamakasi - Les Samurai des Temps Modernes,2001,,2003-05-29
101 Dalmatians,1996,,2003-05-16
Batman & Robin,1997,,2003-05-16
The Jackal,1997,,2003-05-15
Independence Day,1996,,2003-04-14
Police Academy,1984,,2003-03-12
Lady and the Tramp,1955,,2003-02-03
The Nutty Professor,1996,,2003-01-19
Demolition Man,1993,,2002-12-30
Harry Potter and the Chamber of Secrets,2002,,2002-12-25
Lilo & Stitch,2002,,2002-07-26
Ice Age,2002,,2002-07-23
102 Dalmatians,2000,,2002-07-19
The Flintstones,1994,                     ,
Alice in Wonderland,1951,                     ,
One Hundred and One Dalmatians,1961,                     ,
"Monsters, Inc.",2001,,2001-11-18
Bambi,1942,,2001-08-24
Thumbelina,1994,,2001-07-24
Cinderella,1950,,2001-07-23
Casper,1995,,2001-07-19
A Bug's Life,1998,,2001-07-18
Pinocchio,1940,,2001-06-25
Peter Pan,1953,,2001-06-24
Pocahontas,1995,,2001-06-20
Aladdin,1992,,2001-06-19
The Return of Jafar,1994,,2001-06-19
Chicken Run,2000,,2001-03-18
Scooby-Doo And Mummy Too,1969,,2000-07-23
Tarzan,1999,,2000-06-24
Antz,1998,,2000-06-23
Mulan,1998,,2000-06-18
Toy Story 2,1999,,1999-12-17
Beauty and the Beast,1991,,1999-08-27
Tom and Jerry: The Movie,1992,,1999-07-24
Toy Story,1995,                     ,
The Lion King II: Simba's Pride,1998,                     ,
The Many Adventures of Winnie the Pooh,1977,                     ,
